Argila (%),Areia (%),Silte (%),Densidade do solo (g cm-3),Porosidade total (cm 3cm-3),Microporosidade (cm3cm-3),Macroporosidade (cm3cm-3),theta,umidade
65.00133832689808,11.323816181406587,23.674845491695336,1.4055780933062878,0.49257108544899353,0.48671399594320497,0.00585708950578856,0,0.49257108544899353
65.00133832689808,11.323816181406587,23.674845491695336,1.4055780933062878,0.49257108544899353,0.48671399594320497,0.00585708950578856,6,0.48671399594320497
65.00133832689808,11.323816181406587,23.674845491695336,1.4055780933062878,0.49257108544899353,0.48671399594320497,0.00585708950578856,10,0.46308316430020313
65.00133832689808,11.323816181406587,23.674845491695336,1.4055780933062878,0.49257108544899353,0.48671399594320497,0.00585708950578856,33,0.38651115618661275
65.00133832689808,11.323816181406587,23.674845491695336,1.4055780933062878,0.49257108544899353,0.48671399594320497,0.00585708950578856,100,0.3749492900608522
65.00133832689808,11.323816181406587,23.674845491695336,1.4055780933062878,0.49257108544899353,0.48671399594320497,0.00585708950578856,1500,0.2515984787018255
65.00133832689808,11.323816181406587,23.674845491695336,1.4415821501014199,0.4795732310103178,0.3819472616632863,0.0976259693470315,0,0.4795732310103178
65.00133832689808,11.323816181406587,23.674845491695336,1.4415821501014199,0.4795732310103178,0.3819472616632863,0.0976259693470315,6,0.3819472616632863
65.00133832689808,11.323816181406587,23.674845491695336,1.4415821501014199,0.4795732310103178,0.3819472616632863,0.0976259693470315,10,0.3558823529411768
65.00133832689808,11.323816181406587,23.674845491695336,1.4415821501014199,0.4795732310103178,0.3819472616632863,0.0976259693470315,33,0.3075050709939148
65.00133832689808,11.323816181406587,23.674845491695336,1.4415821501014199,0.4795732310103178,0.3819472616632863,0.0976259693470315,100,0.29878296146044664
65.00133832689808,11.323816181406587,23.674845491695336,1.4415821501014199,0.4795732310103178,0.3819472616632863,0.0976259693470315,1500,0.25804320486815413
65.00133832689808,11.323816181406587,23.674845491695336,1.410446247464503,0.4908136290741867,0.4822515212981746,0.008562107776012073,0,0.4908136290741867
65.00133832689808,11.323816181406587,23.674845491695336,1.410446247464503,0.4908136290741867,0.4822515212981746,0.008562107776012073,6,0.4822515212981746
65.00133832689808,11.323816181406587,23.674845491695336,1.410446247464503,0.4908136290741867,0.4822515212981746,0.008562107776012073,10,0.4599391480730223
65.00133832689808,11.323816181406587,23.674845491695336,1.410446247464503,0.4908136290741867,0.4822515212981746,0.008562107776012073,33,0.3914807302231237
65.00133832689808,11.323816181406587,23.674845491695336,1.410446247464503,0.4908136290741867,0.4822515212981746,0.008562107776012073,100,0.3809330628803246
65.00133832689808,11.323816181406587,23.674845491695336,1.410446247464503,0.4908136290741867,0.4822515212981746,0.008562107776012073,1500,0.25246987829614603
65.00133832689808,11.3238161814066,23.674845491695336,1.3950304259634891,0.4963789075944083,0.4314401622718052,0.06493874532260308,0,0.4963789075944083
65.00133832689808,11.3238161814066,23.674845491695336,1.3950304259634891,0.4963789075944083,0.4314401622718052,0.06493874532260308,6,0.4314401622718052
65.00133832689808,11.3238161814066,23.674845491695336,1.3950304259634891,0.4963789075944083,0.4314401622718052,0.06493874532260308,10,0.42484787018255565
65.00133832689808,11.3238161814066,23.674845491695336,1.3950304259634891,0.4963789075944083,0.4314401622718052,0.06493874532260308,33,0.3867139959432048
65.00133832689808,11.3238161814066,23.674845491695336,1.3950304259634891,0.4963789075944083,0.4314401622718052,0.06493874532260308,100,0.37860040567951303
65.00133832689808,11.3238161814066,23.674845491695336,1.3950304259634891,0.4963789075944083,0.4314401622718052,0.06493874532260308,1500,0.24971044624746455
65.00133832689808,11.323816181406587,23.674845491695336,1.2599391480730224,0.5451483219952988,0.4807302231237322,0.06441809887156663,0,0.5451483219952988
65.00133832689808,11.323816181406587,23.674845491695336,1.2599391480730224,0.5451483219952988,0.4807302231237322,0.06441809887156663,6,0.4807302231237322
65.00133832689808,11.323816181406587,23.674845491695336,1.2599391480730224,0.5451483219952988,0.4807302231237322,0.06441809887156663,10,0.4043610547667345
65.00133832689808,11.323816181406587,23.674845491695336,1.2599391480730224,0.5451483219952988,0.4807302231237322,0.06441809887156663,33,0.3604462474645028
65.00133832689808,11.323816181406587,23.674845491695336,1.2599391480730224,0.5451483219952988,0.4807302231237322,0.06441809887156663,100,0.35263691683569975
65.00133832689808,11.323816181406587,23.674845491695336,1.2599391480730224,0.5451483219952988,0.4807302231237322,0.06441809887156663,1500,0.22552910750507102
65.00133832689808,11.323816181406587,23.674845491695336,1.3619675456389453,0.508314965473305,0.41085192697768785,0.09746303849561716,0,0.508314965473305
65.00133832689808,11.323816181406587,23.674845491695336,1.3619675456389453,0.508314965473305,0.41085192697768785,0.09746303849561716,6,0.41085192697768785
65.00133832689808,11.323816181406587,23.674845491695336,1.3619675456389453,0.508314965473305,0.41085192697768785,0.09746303849561716,10,0.4077079107505073
65.00133832689808,11.323816181406587,23.674845491695336,1.3619675456389453,0.508314965473305,0.41085192697768785,0.09746303849561716,33,0.3793103448275863
65.00133832689808,11.323816181406587,23.674845491695336,1.3619675456389453,0.508314965473305,0.41085192697768785,0.09746303849561716,100,0.3749492900608519
65.00133832689808,11.323816181406587,23.674845491695336,1.3619675456389453,0.508314965473305,0.41085192697768785,0.09746303849561716,1500,0.2437921906693712
65.00133832689808,11.323816181406587,23.674845491695336,1.4282961460446248,0.48436962236656145,0.4738336713995943,0.010535950966967134,0,0.48436962236656145
65.00133832689808,11.323816181406587,23.674845491695336,1.4282961460446248,0.48436962236656145,0.4738336713995943,0.010535950966967134,6,0.4738336713995943
65.00133832689808,11.323816181406587,23.674845491695336,1.4282961460446248,0.48436962236656145,0.4738336713995943,0.010535950966967134,10,0.46176470588235297
65.00133832689808,11.323816181406587,23.674845491695336,1.4282961460446248,0.48436962236656145,0.4738336713995943,0.010535950966967134,33,0.3937119675456389
65.00133832689808,11.323816181406587,23.674845491695336,1.4282961460446248,0.48436962236656145,0.4738336713995943,0.010535950966967134,100,0.38407707910750516
65.00133832689808,11.323816181406587,23.674845491695336,1.4282961460446248,0.48436962236656145,0.4738336713995943,0.010535950966967134,1500,0.25566501014198784
65.00133832689808,11.323816181406587,23.674845491695336,1.0720081135902637,0.6129934607977388,0.5263691683569981,0.08662429244074066,0,0.6129934607977388
65.00133832689808,11.323816181406587,23.674845491695336,1.0720081135902637,0.6129934607977388,0.5263691683569981,0.08662429244074066,6,0.5263691683569981
65.00133832689808,11.323816181406587,23.674845491695336,1.0720081135902637,0.6129934607977388,0.5263691683569981,0.08662429244074066,10,0.4292089249492903
65.00133832689808,11.323816181406587,23.674845491695336,1.0720081135902637,0.6129934607977388,0.5263691683569981,0.08662429244074066,33,0.3313387423935093
65.00133832689808,11.323816181406587,23.674845491695336,1.0720081135902637,0.6129934607977388,0.5263691683569981,0.08662429244074066,100,0.3164300202839759
65.00133832689808,11.323816181406587,23.674845491695336,1.0720081135902637,0.6129934607977388,0.5263691683569981,0.08662429244074066,1500,0.1918894523326572
65.00133832689808,11.323816181406587,23.674845491695336,1.2944219066937122,0.5326996726737501,0.48569979716024314,0.04699987551350693,0,0.5326996726737501
65.00133832689808,11.323816181406587,23.674845491695336,1.2944219066937122,0.5326996726737501,0.48569979716024314,0.04699987551350693,6,0.48569979716024314
65.00133832689808,11.323816181406587,23.674845491695336,1.2944219066937122,0.5326996726737501,0.48569979716024314,0.04699987551350693,10,0.4528397565922923
65.00133832689808,11.323816181406587,23.674845491695336,1.2944219066937122,0.5326996726737501,0.48569979716024314,0.04699987551350693,33,0.3859026369168357
65.00133832689808,11.323816181406587,23.674845491695336,1.2944219066937122,0.5326996726737501,0.48569979716024314,0.04699987551350693,100,0.3743407707910752
65.00133832689808,11.323816181406587,23.674845491695336,1.2944219066937122,0.5326996726737501,0.48569979716024314,0.04699987551350693,1500,0.23170152129817448
65.00133832689808,11.323816181406587,23.674845491695336,1.2513184584178498,0.548260484325686,0.49229208924949286,0.05596839507619311,0,0.548260484325686
65.00133832689808,11.323816181406587,23.674845491695336,1.2513184584178498,0.548260484325686,0.49229208924949286,0.05596839507619311,6,0.49229208924949286
65.00133832689808,11.323816181406587,23.674845491695336,1.2513184584178498,0.548260484325686,0.49229208924949286,0.05596839507619311,10,0.4483772819472618
65.00133832689808,11.323816181406587,23.674845491695336,1.2513184584178498,0.548260484325686,0.49229208924949286,0.05596839507619311,33,0.36389452332657196
65.00133832689808,11.323816181406587,23.674845491695336,1.2513184584178498,0.548260484325686,0.49229208924949286,0.05596839507619311,100,0.35162271805273854
65.00133832689808,11.323816181406587,23.674845491695336,1.2513184584178498,0.548260484325686,0.49229208924949286,0.05596839507619311,1500,0.2239860040567951
65.00133832689808,11.323816181406587,23.674845491695336,1.3777890466531444,0.5008010700532085,0.4295131845841782,0.07128788546903031,0,0.5008010700532085
65.00133832689808,11.323816181406587,23.674845491695336,1.3777890466531444,0.5008010700532085,0.4295131845841782,0.07128788546903031,6,0.4295131845841782
65.00133832689808,11.323816181406587,23.674845491695336,1.3777890466531444,0.5008010700532085,0.4295131845841782,0.07128788546903031,10,0.4102434077079107
65.00133832689808,11.323816181406587,23.674845491695336,1.3777890466531444,0.5008010700532085,0.4295131845841782,0.07128788546903031,33,0.38488843813387413
65.00133832689808,11.323816181406587,23.674845491695336,1.3777890466531444,0.5008010700532085,0.4295131845841782,0.07128788546903031,100,0.3736308316430018
65.00133832689808,11.323816181406587,23.674845491695336,1.3777890466531444,0.5008010700532085,0.4295131845841782,0.07128788546903031,1500,0.248002028397566
65.00133832689808,11.323816181406587,23.674845491695336,1.432048681541582,0.48114178205015135,0.43620689655172407,0.04493488549842728,0,0.48114178205015135
65.00133832689808,11.323816181406587,23.674845491695336,1.432048681541582,0.48114178205015135,0.43620689655172407,0.04493488549842728,6,0.43620689655172407
65.00133832689808,11.323816181406587,23.674845491695336,1.432048681541582,0.48114178205015135,0.43620689655172407,0.04493488549842728,10,0.41430020283975655
65.00133832689808,11.323816181406587,23.674845491695336,1.432048681541582,0.48114178205015135,0.43620689655172407,0.04493488549842728,33,0.38265720081135923
65.00133832689808,11.323816181406587,23.674845491695336,1.432048681541582,0.48114178205015135,0.43620689655172407,0.04493488549842728,100,0.3717038539553753
65.00133832689808,11.323816181406587,23.674845491695336,1.432048681541582,0.48114178205015135,0.43620689655172407,0.04493488549842728,1500,0.2577687626774848
65.00133832689808,11.323816181406587,23.674845491695336,1.3567951318458418,0.5084075609254196,0.439553752535497,0.06885380838992261,0,0.5084075609254196
65.00133832689808,11.323816181406587,23.674845491695336,1.3567951318458418,0.5084075609254196,0.439553752535497,0.06885380838992261,6,0.439553752535497
65.00133832689808,11.323816181406587,23.674845491695336,1.3567951318458418,0.5084075609254196,0.439553752535497,0.06885380838992261,10,0.40395537525354985
65.00133832689808,11.323816181406587,23.674845491695336,1.3567951318458418,0.5084075609254196,0.439553752535497,0.06885380838992261,33,0.36156186612576074
65.00133832689808,11.323816181406587,23.674845491695336,1.3567951318458418,0.5084075609254196,0.439553752535497,0.06885380838992261,100,0.3518255578093306
65.00133832689808,11.323816181406587,23.674845491695336,1.3567951318458418,0.5084075609254196,0.439553752535497,0.06885380838992261,1500,0.24422312373225152
65.00133832689808,11.323816181406587,23.674845491695336,1.4703853955375257,0.4672516682835052,0.45091277890466513,0.016338889378840038,0,0.4672516682835052
65.00133832689808,11.323816181406587,23.674845491695336,1.4703853955375257,0.4672516682835052,0.45091277890466513,0.016338889378840038,6,0.45091277890466513
65.00133832689808,11.323816181406587,23.674845491695336,1.4703853955375257,0.4672516682835052,0.45091277890466513,0.016338889378840038,10,0.429107505070994
65.00133832689808,11.323816181406587,23.674845491695336,1.4703853955375257,0.4672516682835052,0.45091277890466513,0.016338889378840038,33,0.3890466531440158
65.00133832689808,11.323816181406587,23.674845491695336,1.4703853955375257,0.4672516682835052,0.45091277890466513,0.016338889378840038,100,0.38062880324543585
65.00133832689808,11.323816181406587,23.674845491695336,1.4703853955375257,0.4672516682835052,0.45091277890466513,0.016338889378840038,1500,0.2646693711967546
65.00133832689808,11.323816181406587,23.674845491695336,1.4039553752535499,0.49132051621248185,0.41389452332657206,0.07742599288590979,0,0.49132051621248185
65.00133832689808,11.323816181406587,23.674845491695336,1.4039553752535499,0.49132051621248185,0.41389452332657206,0.07742599288590979,6,0.41389452332657206
65.00133832689808,11.323816181406587,23.674845491695336,1.4039553752535499,0.49132051621248185,0.41389452332657206,0.07742599288590979,10,0.40699797160243406
65.00133832689808,11.323816181406587,23.674845491695336,1.4039553752535499,0.49132051621248185,0.41389452332657206,0.07742599288590979,33,0.38427991886409724
65.00133832689808,11.323816181406587,23.674845491695336,1.4039553752535499,0.49132051621248185,0.41389452332657206,0.07742599288590979,100,0.37434077079107475
65.00133832689808,11.323816181406587,23.674845491695336,1.4039553752535499,0.49132051621248185,0.41389452332657206,0.07742599288590979,1500,0.25271196754563896
65.00133832689808,11.323816181406587,23.674845491695336,1.2614604462474646,0.5429491136784548,0.41673427991886414,0.12621483375959064,0,0.5429491136784548
65.00133832689808,11.323816181406587,23.674845491695336,1.2614604462474646,0.5429491136784548,0.41673427991886414,0.12621483375959064,6,0.41673427991886414
65.00133832689808,11.323816181406587,23.674845491695336,1.2614604462474646,0.5429491136784548,0.41673427991886414,0.12621483375959064,10,0.3807302231237325
65.00133832689808,11.323816181406587,23.674845491695336,1.2614604462474646,0.5429491136784548,0.41673427991886414,0.12621483375959064,33,0.3475659229208926
65.00133832689808,11.323816181406587,23.674845491695336,1.2614604462474646,0.5429491136784548,0.41673427991886414,0.12621483375959064,100,0.3387423935091279
65.00133832689808,11.323816181406587,23.674845491695336,1.2614604462474646,0.5429491136784548,0.41673427991886414,0.12621483375959064,1500,0.2270628803245436
65.00133832689808,11.323816181406587,23.674845491695336,1.4128803245436106,0.4880868389334744,0.4157200811359025,0.0723667577975719,0,0.4880868389334744
65.00133832689808,11.323816181406587,23.674845491695336,1.4128803245436106,0.4880868389334744,0.4157200811359025,0.0723667577975719,6,0.4157200811359025
65.00133832689808,11.323816181406587,23.674845491695336,1.4128803245436106,0.4880868389334744,0.4157200811359025,0.0723667577975719,10,0.4101419878296146
65.00133832689808,11.323816181406587,23.674845491695336,1.4128803245436106,0.4880868389334744,0.4157200811359025,0.0723667577975719,33,0.38346855983772793
65.00133832689808,11.323816181406587,23.674845491695336,1.4128803245436106,0.4880868389334744,0.4157200811359025,0.0723667577975719,100,0.37636916835699785
65.00133832689808,11.323816181406587,23.674845491695336,1.4128803245436106,0.4880868389334744,0.4157200811359025,0.0723667577975719,1500,0.2543184584178499
65.00133832689808,11.323816181406587,23.674845491695336,1.4043610547667345,0.49117353088161786,0.4093306288032456,0.08184290207837225,0,0.49117353088161786
65.00133832689808,11.323816181406587,23.674845491695336,1.4043610547667345,0.49117353088161786,0.4093306288032456,0.08184290207837225,6,0.4093306288032456
65.00133832689808,11.323816181406587,23.674845491695336,1.4043610547667345,0.49117353088161786,0.4093306288032456,0.08184290207837225,10,0.40375253549695744
65.00133832689808,11.323816181406587,23.674845491695336,1.4043610547667345,0.49117353088161786,0.4093306288032456,0.08184290207837225,33,0.3756592292089252
65.00133832689808,11.323816181406587,23.674845491695336,1.4043610547667345,0.49117353088161786,0.4093306288032456,0.08184290207837225,100,0.3652129817444221
65.00133832689808,11.323816181406587,23.674845491695336,1.4043610547667345,0.49117353088161786,0.4093306288032456,0.08184290207837225,1500,0.2527849898580122
65.00133832689808,11.323816181406587,23.674845491695336,1.3569979716024343,0.5083340682599875,0.42860040567951313,0.07973366258047437,0,0.5083340682599875
65.00133832689808,11.323816181406587,23.674845491695336,1.3569979716024343,0.5083340682599875,0.42860040567951313,0.07973366258047437,6,0.42860040567951313
65.00133832689808,11.323816181406587,23.674845491695336,1.3569979716024343,0.5083340682599875,0.42860040567951313,0.07973366258047437,10,0.4190669371196754
65.00133832689808,11.323816181406587,23.674845491695336,1.3569979716024343,0.5083340682599875,0.42860040567951313,0.07973366258047437,33,0.3841784989858012
65.00133832689808,11.323816181406587,23.674845491695336,1.3569979716024343,0.5083340682599875,0.42860040567951313,0.07973366258047437,100,0.37393509127789026
65.00133832689808,11.323816181406587,23.674845491695336,1.3569979716024343,0.5083340682599875,0.42860040567951313,0.07973366258047437,1500,0.24425963488843816
65.00133832689808,11.323816181406587,23.674845491695336,1.3420892494929009,0.5137357791692387,0.3634888438133875,0.15024693535585126,0,0.5137357791692387
65.00133832689808,11.323816181406587,23.674845491695336,1.3420892494929009,0.5137357791692387,0.3634888438133875,0.15024693535585126,6,0.3634888438133875
65.00133832689808,11.323816181406587,23.674845491695336,1.3420892494929009,0.5137357791692387,0.3634888438133875,0.15024693535585126,10,0.35527383367139964
65.00133832689808,11.323816181406587,23.674845491695336,1.3420892494929009,0.5137357791692387,0.3634888438133875,0.15024693535585126,33,0.33012170385395523
65.00133832689808,11.323816181406587,23.674845491695336,1.3420892494929009,0.5137357791692387,0.3634888438133875,0.15024693535585126,100,0.3232251521298175
65.00133832689808,11.323816181406587,23.674845491695336,1.3420892494929009,0.5137357791692387,0.3634888438133875,0.15024693535585126,1500,0.24157606490872216
65.00133832689808,11.323816181406587,23.674845491695336,1.454056795131846,0.4750697490498751,0.4816430020283974,0.0,0,0.4750697490498751
65.00133832689808,11.323816181406587,23.674845491695336,1.454056795131846,0.4750697490498751,0.4816430020283974,0.0,6,0.4816430020283974
65.00133832689808,11.323816181406587,23.674845491695336,1.454056795131846,0.4750697490498751,0.4816430020283974,0.0,10,0.4720081135902636
65.00133832689808,11.323816181406587,23.674845491695336,1.454056795131846,0.4750697490498751,0.4816430020283974,0.0,33,0.4245436105476672
65.00133832689808,11.323816181406587,23.674845491695336,1.454056795131846,0.4750697490498751,0.4816430020283974,0.0,100,0.4064908722109532
65.00133832689808,11.323816181406587,23.674845491695336,1.454056795131846,0.4750697490498751,0.4816430020283974,0.0,1500,0.2602761663286004
65.00133832689808,11.323816181406587,23.674845491695336,1.3723123732251523,0.5045803706768404,0.454056795131846,0.05052357554499437,0,0.5045803706768404
65.00133832689808,11.323816181406587,23.674845491695336,1.3723123732251523,0.5045803706768404,0.454056795131846,0.05052357554499437,6,0.454056795131846
65.00133832689808,11.323816181406587,23.674845491695336,1.3723123732251523,0.5045803706768404,0.454056795131846,0.05052357554499437,10,0.44472616632860035
65.00133832689808,11.323816181406587,23.674845491695336,1.3723123732251523,0.5045803706768404,0.454056795131846,0.05052357554499437,33,0.404259634888438
65.00133832689808,11.323816181406587,23.674845491695336,1.3723123732251523,0.5045803706768404,0.454056795131846,0.05052357554499437,100,0.39198782961460454
65.00133832689808,11.323816181406587,23.674845491695336,1.3723123732251523,0.5045803706768404,0.454056795131846,0.05052357554499437,1500,0.24564391480730224
65.00133832689808,11.323816181406587,23.674845491695336,1.4385395537525356,0.48067164124457196,0.4688640973630834,0.01180754388148858,0,0.48067164124457196
65.00133832689808,11.323816181406587,23.674845491695336,1.4385395537525356,0.48067164124457196,0.4688640973630834,0.01180754388148858,6,0.4688640973630834
65.00133832689808,11.323816181406587,23.674845491695336,1.4385395537525356,0.48067164124457196,0.4688640973630834,0.01180754388148858,10,0.4625760649087223
65.00133832689808,11.323816181406587,23.674845491695336,1.4385395537525356,0.48067164124457196,0.4688640973630834,0.01180754388148858,33,0.42099391480730247
65.00133832689808,11.323816181406587,23.674845491695336,1.4385395537525356,0.48067164124457196,0.4688640973630834,0.01180754388148858,100,0.4123732251521298
65.00133832689808,11.323816181406587,23.674845491695336,1.4385395537525356,0.48067164124457196,0.4688640973630834,0.01180754388148858,1500,0.25749858012170385
65.00133832689808,11.3238161814066,23.674845491695336,1.3441176470588236,0.51475897218093,0.44006085192697786,0.07469812025395217,0,0.51475897218093
65.00133832689808,11.3238161814066,23.674845491695336,1.3441176470588236,0.51475897218093,0.44006085192697786,0.07469812025395217,6,0.44006085192697786
65.00133832689808,11.3238161814066,23.674845491695336,1.3441176470588236,0.51475897218093,0.44006085192697786,0.07469812025395217,10,0.4378296146044627
65.00133832689808,11.3238161814066,23.674845491695336,1.3441176470588236,0.51475897218093,0.44006085192697786,0.07469812025395217,33,0.40821501014198786
65.00133832689808,11.3238161814066,23.674845491695336,1.3441176470588236,0.51475897218093,0.44006085192697786,0.07469812025395217,100,0.39705882352941185
65.00133832689808,11.3238161814066,23.674845491695336,1.3441176470588236,0.51475897218093,0.44006085192697786,0.07469812025395217,1500,0.2405970588235294
65.00133832689808,11.323816181406587,23.674845491695336,1.2890466531440163,0.5346401974209327,0.5287018255578093,0.005938371863123404,0,0.5346401974209327
65.00133832689808,11.323816181406587,23.674845491695336,1.2890466531440163,0.5346401974209327,0.5287018255578093,0.005938371863123404,6,0.5287018255578093
65.00133832689808,11.323816181406587,23.674845491695336,1.2890466531440163,0.5346401974209327,0.5287018255578093,0.005938371863123404,10,0.4651115618661256
65.00133832689808,11.323816181406587,23.674845491695336,1.2890466531440163,0.5346401974209327,0.5287018255578093,0.005938371863123404,33,0.4050709939148073
65.00133832689808,11.323816181406587,23.674845491695336,1.2890466531440163,0.5346401974209327,0.5287018255578093,0.005938371863123404,100,0.38995943204868144
65.00133832689808,11.323816181406587,23.674845491695336,1.2890466531440163,0.5346401974209327,0.5287018255578093,0.005938371863123404,1500,0.23073935091277892
65.00133832689808,11.323816181406587,23.674845491695336,1.421501014198783,0.486822738556396,0.45851926977687635,0.02830346877951967,0,0.486822738556396
65.00133832689808,11.323816181406587,23.674845491695336,1.421501014198783,0.486822738556396,0.45851926977687635,0.02830346877951967,6,0.45851926977687635
65.00133832689808,11.323816181406587,23.674845491695336,1.421501014198783,0.486822738556396,0.45851926977687635,0.02830346877951967,10,0.44675456389452345
65.00133832689808,11.323816181406587,23.674845491695336,1.421501014198783,0.486822738556396,0.45851926977687635,0.02830346877951967,33,0.4123732251521298
65.00133832689808,11.323816181406587,23.674845491695336,1.421501014198783,0.486822738556396,0.45851926977687635,0.02830346877951967,100,0.3995943204868155
65.00133832689808,11.323816181406587,23.674845491695336,1.421501014198783,0.486822738556396,0.45851926977687635,0.02830346877951967,1500,0.2544486815415821
65.00133832689808,11.323816181406587,23.674845491695336,1.4140973630831644,0.48949553679308144,0.44979716024340766,0.039698376549673786,0,0.48949553679308144
65.00133832689808,11.323816181406587,23.674845491695336,1.4140973630831644,0.48949553679308144,0.44979716024340766,0.039698376549673786,6,0.44979716024340766
65.00133832689808,11.323816181406587,23.674845491695336,1.4140973630831644,0.48949553679308144,0.44979716024340766,0.039698376549673786,10,0.4364097363083165
65.00133832689808,11.323816181406587,23.674845491695336,1.4140973630831644,0.48949553679308144,0.44979716024340766,0.039698376549673786,33,0.4018255578093307
65.00133832689808,11.323816181406587,23.674845491695336,1.4140973630831644,0.48949553679308144,0.44979716024340766,0.039698376549673786,100,0.3912778904665316
65.00133832689808,11.323816181406587,23.674845491695336,1.4140973630831644,0.48949553679308144,0.44979716024340766,0.039698376549673786,1500,0.2531234279918864
65.00133832689808,11.323816181406587,23.674845491695336,1.210344827586207,0.5630524088136437,0.45050709939148065,0.11254530942216306,0,0.5630524088136437
65.00133832689808,11.323816181406587,23.674845491695336,1.210344827586207,0.5630524088136437,0.45050709939148065,0.11254530942216306,6,0.45050709939148065
65.00133832689808,11.323816181406587,23.674845491695336,1.210344827586207,0.5630524088136437,0.45050709939148065,0.11254530942216306,10,0.4420892494929007
65.00133832689808,11.323816181406587,23.674845491695336,1.210344827586207,0.5630524088136437,0.45050709939148065,0.11254530942216306,33,0.3817444219066936
65.00133832689808,11.323816181406587,23.674845491695336,1.210344827586207,0.5630524088136437,0.45050709939148065,0.11254530942216306,100,0.3698782961460446
65.00133832689808,11.323816181406587,23.674845491695336,1.210344827586207,0.5630524088136437,0.45050709939148065,0.11254530942216306,1500,0.21665172413793105
65.00133832689808,11.323816181406587,23.674845491695336,1.226369168356998,0.5572674482465712,0.4260649087221098,0.13120253952446137,0,0.5572674482465712
65.00133832689808,11.323816181406587,23.674845491695336,1.226369168356998,0.5572674482465712,0.4260649087221098,0.13120253952446137,6,0.4260649087221098
65.00133832689808,11.323816181406587,23.674845491695336,1.226369168356998,0.5572674482465712,0.4260649087221098,0.13120253952446137,10,0.40983772819472614
65.00133832689808,11.323816181406587,23.674845491695336,1.226369168356998,0.5572674482465712,0.4260649087221098,0.13120253952446137,33,0.3594320486815416
65.00133832689808,11.323816181406587,23.674845491695336,1.226369168356998,0.5572674482465712,0.4260649087221098,0.13120253952446137,100,0.3493914807302233
65.00133832689808,11.323816181406587,23.674845491695336,1.226369168356998,0.5572674482465712,0.4260649087221098,0.13120253952446137,1500,0.21952008113590263
65.00133832689808,11.323816181406587,23.674845491695336,1.344320486815416,0.5146857448319798,0.4601419878296147,0.054543757002365134,0,0.5146857448319798
65.00133832689808,11.323816181406587,23.674845491695336,1.344320486815416,0.5146857448319798,0.4601419878296147,0.054543757002365134,6,0.4601419878296147
65.00133832689808,11.323816181406587,23.674845491695336,1.344320486815416,0.5146857448319798,0.4601419878296147,0.054543757002365134,10,0.43711967545638913
65.00133832689808,11.323816181406587,23.674845491695336,1.344320486815416,0.5146857448319798,0.4601419878296147,0.054543757002365134,33,0.39178498985801213
65.00133832689808,11.323816181406587,23.674845491695336,1.344320486815416,0.5146857448319798,0.4601419878296147,0.054543757002365134,100,0.3795131845841781
65.00133832689808,11.323816181406587,23.674845491695336,1.344320486815416,0.5146857448319798,0.4601419878296147,0.054543757002365134,1500,0.24063336713995945
65.00133832689808,11.323816181406587,23.674845491695336,1.4985801217038541,0.45703618778845856,0.4295131845841785,0.027523003204280083,0,0.45703618778845856
65.00133832689808,11.323816181406587,23.674845491695336,1.4985801217038541,0.45703618778845856,0.4295131845841785,0.027523003204280083,6,0.4295131845841785
65.00133832689808,11.323816181406587,23.674845491695336,1.4985801217038541,0.45703618778845856,0.4295131845841785,0.027523003204280083,10,0.41876267748478696
65.00133832689808,11.323816181406587,23.674845491695336,1.4985801217038541,0.45703618778845856,0.4295131845841785,0.027523003204280083,33,0.3879310344827586
65.00133832689808,11.323816181406587,23.674845491695336,1.4985801217038541,0.45703618778845856,0.4295131845841785,0.027523003204280083,100,0.3754563894523325
65.00133832689808,11.323816181406587,23.674845491695336,1.4985801217038541,0.45703618778845856,0.4295131845841785,0.027523003204280083,1500,0.26974442190669373
65.00133832689808,11.323816181406587,23.674845491695336,1.461764705882353,0.47037510656436476,0.41916835699797145,0.05120674956639332,0,0.47037510656436476
65.00133832689808,11.323816181406587,23.674845491695336,1.461764705882353,0.47037510656436476,0.41916835699797145,0.05120674956639332,6,0.41916835699797145
65.00133832689808,11.323816181406587,23.674845491695336,1.461764705882353,0.47037510656436476,0.41916835699797145,0.05120674956639332,10,0.4105476673427994
65.00133832689808,11.323816181406587,23.674845491695336,1.461764705882353,0.47037510656436476,0.41916835699797145,0.05120674956639332,33,0.3744421906693714
65.00133832689808,11.323816181406587,23.674845491695336,1.461764705882353,0.47037510656436476,0.41916835699797145,0.05120674956639332,100,0.36957403651115617
65.00133832689808,11.323816181406587,23.674845491695336,1.461764705882353,0.47037510656436476,0.41916835699797145,0.05120674956639332,1500,0.26311764705882357
65.00133832689808,11.323816181406587,23.674845491695336,1.4934077079107506,0.45891025075697434,0.44259634888438154,0.016313901872592795,0,0.45891025075697434
65.00133832689808,11.323816181406587,23.674845491695336,1.4934077079107506,0.45891025075697434,0.44259634888438154,0.016313901872592795,6,0.44259634888438154
65.00133832689808,11.323816181406587,23.674845491695336,1.4934077079107506,0.45891025075697434,0.44259634888438154,0.016313901872592795,10,0.43569979716024354
65.00133832689808,11.323816181406587,23.674845491695336,1.4934077079107506,0.45891025075697434,0.44259634888438154,0.016313901872592795,33,0.4095334685598377
65.00133832689808,11.323816181406587,23.674845491695336,1.4934077079107506,0.45891025075697434,0.44259634888438154,0.016313901872592795,100,0.4016227180527386
65.00133832689808,11.323816181406587,23.674845491695336,1.4934077079107506,0.45891025075697434,0.44259634888438154,0.016313901872592795,1500,0.2688133874239351
65.00133832689808,11.323816181406587,23.674845491695336,1.4417849898580122,0.4776141341094159,0.4359026369168359,0.041711497192579994,0,0.4776141341094159
65.00133832689808,11.323816181406587,23.674845491695336,1.4417849898580122,0.4776141341094159,0.4359026369168359,0.041711497192579994,6,0.4359026369168359
65.00133832689808,11.323816181406587,23.674845491695336,1.4417849898580122,0.4776141341094159,0.4359026369168359,0.041711497192579994,10,0.42322515212981765
65.00133832689808,11.323816181406587,23.674845491695336,1.4417849898580122,0.4776141341094159,0.4359026369168359,0.041711497192579994,33,0.38022312373225164
65.00133832689808,11.323816181406587,23.674845491695336,1.4417849898580122,0.4776141341094159,0.4359026369168359,0.041711497192579994,100,0.37139959432048686
65.00133832689808,11.323816181406587,23.674845491695336,1.4417849898580122,0.4776141341094159,0.4359026369168359,0.041711497192579994,1500,0.2595212981744422
65.00133832689808,11.323816181406587,23.674845491695336,1.511663286004057,0.4522959108680952,0.4289046653144016,0.023391245553693596,0,0.4522959108680952
65.00133832689808,11.323816181406587,23.674845491695336,1.511663286004057,0.4522959108680952,0.4289046653144016,0.023391245553693596,6,0.4289046653144016
65.00133832689808,11.323816181406587,23.674845491695336,1.511663286004057,0.4522959108680952,0.4289046653144016,0.023391245553693596,10,0.421501014198783
65.00133832689808,11.323816181406587,23.674845491695336,1.511663286004057,0.4522959108680952,0.4289046653144016,0.023391245553693596,33,0.3924949290060851
65.00133832689808,11.323816181406587,23.674845491695336,1.511663286004057,0.4522959108680952,0.4289046653144016,0.023391245553693596,100,0.3847870182555781
65.00133832689808,11.323816181406587,23.674845491695336,1.511663286004057,0.4522959108680952,0.4289046653144016,0.023391245553693596,1500,0.27209939148073026
65.00133832689808,11.323816181406587,23.674845491695336,1.5172413793103448,0.45027486256871563,0.42312373225152133,0.027151130317194294,0,0.45027486256871563
65.00133832689808,11.323816181406587,23.674845491695336,1.5172413793103448,0.45027486256871563,0.42312373225152133,0.027151130317194294,6,0.42312373225152133
65.00133832689808,11.323816181406587,23.674845491695336,1.5172413793103448,0.45027486256871563,0.42312373225152133,0.027151130317194294,10,0.41470588235294137
65.00133832689808,11.323816181406587,23.674845491695336,1.5172413793103448,0.45027486256871563,0.42312373225152133,0.027151130317194294,33,0.39259634888438144
65.00133832689808,11.323816181406587,23.674845491695336,1.5172413793103448,0.45027486256871563,0.42312373225152133,0.027151130317194294,100,0.38225152129817447
65.00133832689808,11.323816181406587,23.674845491695336,1.5172413793103448,0.45027486256871563,0.42312373225152133,0.027151130317194294,1500,0.273103448275862
65.00133832689808,11.323816181406587,23.674845491695336,1.4554766734279918,0.4726533791927565,0.43012170385395565,0.04253167533880087,0,0.4726533791927565
65.00133832689808,11.323816181406587,23.674845491695336,1.4554766734279918,0.4726533791927565,0.43012170385395565,0.04253167533880087,6,0.43012170385395565
65.00133832689808,11.323816181406587,23.674845491695336,1.4554766734279918,0.4726533791927565,0.43012170385395565,0.04253167533880087,10,0.4191683569979718
65.00133832689808,11.323816181406587,23.674845491695336,1.4554766734279918,0.4726533791927565,0.43012170385395565,0.04253167533880087,33,0.39219066937119695
65.00133832689808,11.323816181406587,23.674845491695336,1.4554766734279918,0.4726533791927565,0.43012170385395565,0.04253167533880087,100,0.38083164300202854
65.00133832689808,11.323816181406587,23.674845491695336,1.4554766734279918,0.4726533791927565,0.43012170385395565,0.04253167533880087,1500,0.2619858012170385
65.00133832689808,11.323816181406587,23.674845491695336,1.4190669371196758,0.4858453126377986,0.4304259634888438,0.0554193491489548,0,0.4858453126377986
65.00133832689808,11.323816181406587,23.674845491695336,1.4190669371196758,0.4858453126377986,0.4304259634888438,0.0554193491489548,6,0.4304259634888438
65.00133832689808,11.323816181406587,23.674845491695336,1.4190669371196758,0.4858453126377986,0.4304259634888438,0.0554193491489548,10,0.41855983772819455
65.00133832689808,11.323816181406587,23.674845491695336,1.4190669371196758,0.4858453126377986,0.4304259634888438,0.0554193491489548,33,0.38427991886409724
65.00133832689808,11.323816181406587,23.674845491695336,1.4190669371196758,0.4858453126377986,0.4304259634888438,0.0554193491489548,100,0.3791075050709939
65.00133832689808,11.323816181406587,23.674845491695336,1.4190669371196758,0.4858453126377986,0.4304259634888438,0.0554193491489548,1500,0.2554320486815416
65.00133832689808,11.323816181406587,23.674845491695336,1.4954361054766734,0.4581753241026545,0.4257606490872213,0.032414675015433214,0,0.4581753241026545
65.00133832689808,11.323816181406587,23.674845491695336,1.4954361054766734,0.4581753241026545,0.4257606490872213,0.032414675015433214,6,0.4257606490872213
65.00133832689808,11.323816181406587,23.674845491695336,1.4954361054766734,0.4581753241026545,0.4257606490872213,0.032414675015433214,10,0.4186612576064909
65.00133832689808,11.323816181406587,23.674845491695336,1.4954361054766734,0.4581753241026545,0.4257606490872213,0.032414675015433214,33,0.39077079107505075
65.00133832689808,11.323816181406587,23.674845491695336,1.4954361054766734,0.4581753241026545,0.4257606490872213,0.032414675015433214,100,0.3807302231237325
65.00133832689808,11.323816181406587,23.674845491695336,1.4954361054766734,0.4581753241026545,0.4257606490872213,0.032414675015433214,1500,0.2691784989858012
65.00133832689808,11.323816181406587,23.674845491695336,1.4500000000000002,0.4746376811594202,0.42251521298174444,0.05212246817767574,0,0.4746376811594202
65.00133832689808,11.323816181406587,23.674845491695336,1.4500000000000002,0.4746376811594202,0.42251521298174444,0.05212246817767574,6,0.42251521298174444
65.00133832689808,11.323816181406587,23.674845491695336,1.4500000000000002,0.4746376811594202,0.42251521298174444,0.05212246817767574,10,0.413793103448276
65.00133832689808,11.323816181406587,23.674845491695336,1.4500000000000002,0.4746376811594202,0.42251521298174444,0.05212246817767574,33,0.37515212981744434
65.00133832689808,11.323816181406587,23.674845491695336,1.4500000000000002,0.4746376811594202,0.42251521298174444,0.05212246817767574,100,0.3675456389452334
65.00133832689808,11.323816181406587,23.674845491695336,1.4500000000000002,0.4746376811594202,0.42251521298174444,0.05212246817767574,1500,0.261
65.0013383268981,11.3238161814066,23.6748454916953,1.3849898580121704,0.498192080430373,0.43488843813387423,0.06330364229649876,0,0.498192080430373
65.0013383268981,11.3238161814066,23.6748454916953,1.3849898580121704,0.498192080430373,0.43488843813387423,0.06330364229649876,6,0.43488843813387423
65.0013383268981,11.3238161814066,23.6748454916953,1.3849898580121704,0.498192080430373,0.43488843813387423,0.06330364229649876,10,0.4265720081135903
65.0013383268981,11.3238161814066,23.6748454916953,1.3849898580121704,0.498192080430373,0.43488843813387423,0.06330364229649876,33,0.3935091277890468
65.0013383268981,11.3238161814066,23.6748454916953,1.3849898580121704,0.498192080430373,0.43488843813387423,0.06330364229649876,100,0.3821501014198784
65.0013383268981,11.3238161814066,23.6748454916953,1.3849898580121704,0.498192080430373,0.43488843813387423,0.06330364229649876,1500,0.24929817444219068
58.3,9.3,32.4,1.0220081135902637,0.6388663909575041,0.3022312373225152,0.33663515363498886,0,0.6388663909575041
58.3,9.3,32.4,1.0220081135902637,0.6388663909575041,0.3022312373225152,0.33663515363498886,6,0.3022312373225152
58.3,9.3,32.4,1.0220081135902637,0.6388663909575041,0.3022312373225152,0.33663515363498886,10,0.29381338742393526
58.3,9.3,32.4,1.0220081135902637,0.6388663909575041,0.3022312373225152,0.33663515363498886,33,0.26450304259634905
58.3,9.3,32.4,1.0220081135902637,0.6388663909575041,0.3022312373225152,0.33663515363498886,100,0.2509127789046654
58.3,9.3,32.4,1.0220081135902637,0.6388663909575041,0.3022312373225152,0.33663515363498886,1500,0.18396146044624745
58.3,9.3,32.4,1.2473630831643001,0.5592356596592579,0.3832657200811357,0.17596993957812224,0,0.5592356596592579
58.3,9.3,32.4,1.2473630831643001,0.5592356596592579,0.3832657200811357,0.17596993957812224,6,0.3832657200811357
58.3,9.3,32.4,1.2473630831643001,0.5592356596592579,0.3832657200811357,0.17596993957812224,10,0.3788032454361053
58.3,9.3,32.4,1.2473630831643001,0.5592356596592579,0.3832657200811357,0.17596993957812224,33,0.35273833671399585
58.3,9.3,32.4,1.2473630831643001,0.5592356596592579,0.3832657200811357,0.17596993957812224,100,0.33478701825557816
58.3,9.3,32.4,1.2473630831643001,0.5592356596592579,0.3832657200811357,0.17596993957812224,1500,0.22452535496957401
58.3,9.3,32.4,1.3843813387423936,0.5108193149320164,0.4781947261663287,0.03262458876568769,0,0.5108193149320164
58.3,9.3,32.4,1.3843813387423936,0.5108193149320164,0.4781947261663287,0.03262458876568769,6,0.4781947261663287
58.3,9.3,32.4,1.3843813387423936,0.5108193149320164,0.4781947261663287,0.03262458876568769,10,0.46632860040567975
58.3,9.3,32.4,1.3843813387423936,0.5108193149320164,0.4781947261663287,0.03262458876568769,33,0.38630831643002034
58.3,9.3,32.4,1.3843813387423936,0.5108193149320164,0.4781947261663287,0.03262458876568769,100,0.3704868154158215
58.3,9.3,32.4,1.3843813387423936,0.5108193149320164,0.4781947261663287,0.03262458876568769,1500,0.24918864097363083
58.3,9.3,32.4,1.2378296146044627,0.5626043764648542,0.4962474645030427,0.06635691196181148,0,0.5626043764648542
58.3,9.3,32.4,1.2378296146044627,0.5626043764648542,0.4962474645030427,0.06635691196181148,6,0.4962474645030427
58.3,9.3,32.4,1.2378296146044627,0.5626043764648542,0.4962474645030427,0.06635691196181148,10,0.4826572008113591
58.3,9.3,32.4,1.2378296146044627,0.5626043764648542,0.4962474645030427,0.06635691196181148,33,0.35344827586206895
58.3,9.3,32.4,1.2378296146044627,0.5626043764648542,0.4962474645030427,0.06635691196181148,100,0.33590263691683575
58.3,9.3,32.4,1.2378296146044627,0.5626043764648542,0.4962474645030427,0.06635691196181148,1500,0.2228093306288033
58.3,9.3,32.4,1.3775862068965519,0.5132204215913244,0.48194726166328583,0.031273159928038585,0,0.5132204215913244
58.3,9.3,32.4,1.3775862068965519,0.5132204215913244,0.48194726166328583,0.031273159928038585,6,0.48194726166328583
58.3,9.3,32.4,1.3775862068965519,0.5132204215913244,0.48194726166328583,0.031273159928038585,10,0.46957403651115603
58.3,9.3,32.4,1.3775862068965519,0.5132204215913244,0.48194726166328583,0.031273159928038585,33,0.3851926977687626
58.3,9.3,32.4,1.3775862068965519,0.5132204215913244,0.48194726166328583,0.031273159928038585,100,0.3768762677484787
58.3,9.3,32.4,1.3775862068965519,0.5132204215913244,0.48194726166328583,0.031273159928038585,1500,0.24796551724137933
58.3,9.3,32.4,1.2397565922920895,0.5619234656211698,0.37139959432048686,0.19052387130068293,0,0.5619234656211698
58.3,9.3,32.4,1.2397565922920895,0.5619234656211698,0.37139959432048686,0.19052387130068293,6,0.37139959432048686
58.3,9.3,32.4,1.2397565922920895,0.5619234656211698,0.37139959432048686,0.19052387130068293,10,0.3637931034482759
58.3,9.3,32.4,1.2397565922920895,0.5619234656211698,0.37139959432048686,0.19052387130068293,33,0.338133874239351
58.3,9.3,32.4,1.2397565922920895,0.5619234656211698,0.37139959432048686,0.19052387130068293,100,0.3219066937119674
58.3,9.3,32.4,1.2397565922920895,0.5619234656211698,0.37139959432048686,0.19052387130068293,1500,0.2231561866125761
58.3,9.3,32.4,1.2119675456389452,0.5717429167353552,0.4860040567951322,0.08573885994022296,0,0.5717429167353552
58.3,9.3,32.4,1.2119675456389452,0.5717429167353552,0.4860040567951322,0.08573885994022296,6,0.4860040567951322
58.3,9.3,32.4,1.2119675456389452,0.5717429167353552,0.4860040567951322,0.08573885994022296,10,0.4643002028397565
58.3,9.3,32.4,1.2119675456389452,0.5717429167353552,0.4860040567951322,0.08573885994022296,33,0.34574036511156175
58.3,9.3,32.4,1.2119675456389452,0.5717429167353552,0.4860040567951322,0.08573885994022296,100,0.3424949290060852
58.3,9.3,32.4,1.2119675456389452,0.5717429167353552,0.4860040567951322,0.08573885994022296,1500,0.2181541582150101
58.3,9.3,32.4,1.247870182555781,0.5590564725951304,0.4843813387423936,0.07467513385273677,0,0.5590564725951304
58.3,9.3,32.4,1.247870182555781,0.5590564725951304,0.4843813387423936,0.07467513385273677,6,0.4843813387423936
58.3,9.3,32.4,1.247870182555781,0.5590564725951304,0.4843813387423936,0.07467513385273677,10,0.46237322515212975
58.3,9.3,32.4,1.247870182555781,0.5590564725951304,0.4843813387423936,0.07467513385273677,33,0.3603448275862068
58.3,9.3,32.4,1.247870182555781,0.5590564725951304,0.4843813387423936,0.07467513385273677,100,0.34340770791075026
58.3,9.3,32.4,1.247870182555781,0.5590564725951304,0.4843813387423936,0.07467513385273677,1500,0.22461663286004058
58.3,9.3,32.4,1.1340770791075054,0.5992660497853337,0.34148073022312364,0.25778531956221007,0,0.5992660497853337
58.3,9.3,32.4,1.1340770791075054,0.5992660497853337,0.34148073022312364,0.25778531956221007,6,0.34148073022312364
58.3,9.3,32.4,1.1340770791075054,0.5992660497853337,0.34148073022312364,0.25778531956221007,10,0.334787018255578
58.3,9.3,32.4,1.1340770791075054,0.5992660497853337,0.34148073022312364,0.25778531956221007,33,0.3049695740365111
58.3,9.3,32.4,1.1340770791075054,0.5992660497853337,0.34148073022312364,0.25778531956221007,100,0.2946247464503041
58.3,9.3,32.4,1.1340770791075054,0.5992660497853337,0.34148073022312364,0.25778531956221007,1500,0.20413387423935098
58.3,9.3,32.4,1.2386409736308317,0.5623176771622502,0.4476673427991888,0.11465033436306143,0,0.5623176771622502
58.3,9.3,32.4,1.2386409736308317,0.5623176771622502,0.4476673427991888,0.11465033436306143,6,0.4476673427991888
58.3,9.3,32.4,1.2386409736308317,0.5623176771622502,0.4476673427991888,0.11465033436306143,10,0.41125760649087234
58.3,9.3,32.4,1.2386409736308317,0.5623176771622502,0.4476673427991888,0.11465033436306143,33,0.3563894523326574
58.3,9.3,32.4,1.2386409736308317,0.5623176771622502,0.4476673427991888,0.11465033436306143,100,0.3404665314401622
58.3,9.3,32.4,1.2386409736308317,0.5623176771622502,0.4476673427991888,0.11465033436306143,1500,0.2229553752535497
58.3,9.3,32.4,1.2106490872210955,0.5722088031020864,0.43884381338742406,0.13336498971466237,0,0.5722088031020864
58.3,9.3,32.4,1.2106490872210955,0.5722088031020864,0.43884381338742406,0.13336498971466237,6,0.43884381338742406
58.3,9.3,32.4,1.2106490872210955,0.5722088031020864,0.43884381338742406,0.13336498971466237,10,0.41450304259634896
58.3,9.3,32.4,1.2106490872210955,0.5722088031020864,0.43884381338742406,0.13336498971466237,33,0.3406693711967546
58.3,9.3,32.4,1.2106490872210955,0.5722088031020864,0.43884381338742406,0.13336498971466237,100,0.32474645030425975
58.3,9.3,32.4,1.2106490872210955,0.5722088031020864,0.43884381338742406,0.13336498971466237,1500,0.2179168356997972
58.3,9.3,32.4,1.4596348884381338,0.49318233040342574,0.4523326572008116,0.04084967320261412,0,0.49318233040342574
58.3,9.3,32.4,1.4596348884381338,0.49318233040342574,0.4523326572008116,0.04084967320261412,6,0.4523326572008116
58.3,9.3,32.4,1.4596348884381338,0.49318233040342574,0.4523326572008116,0.04084967320261412,10,0.44939148073022317
58.3,9.3,32.4,1.4596348884381338,0.49318233040342574,0.4523326572008116,0.04084967320261412,33,0.4304259634888441
58.3,9.3,32.4,1.4596348884381338,0.49318233040342574,0.4523326572008116,0.04084967320261412,100,0.41409736308316447
58.3,9.3,32.4,1.4596348884381338,0.49318233040342574,0.4523326572008116,0.04084967320261412,1500,0.28900770791075053
58.3,9.3,32.4,1.3790060851926977,0.5211784426414243,0.5026369168356999,0.018541525805724435,0,0.5211784426414243
58.3,9.3,32.4,1.3790060851926977,0.5211784426414243,0.5026369168356999,0.018541525805724435,6,0.5026369168356999
58.3,9.3,32.4,1.3790060851926977,0.5211784426414243,0.5026369168356999,0.018541525805724435,10,0.4982758620689655
58.3,9.3,32.4,1.3790060851926977,0.5211784426414243,0.5026369168356999,0.018541525805724435,33,0.4752535496957405
58.3,9.3,32.4,1.3790060851926977,0.5211784426414243,0.5026369168356999,0.018541525805724435,100,0.45841784989858003
58.3,9.3,32.4,1.3790060851926977,0.5211784426414243,0.5026369168356999,0.018541525805724435,1500,0.27304320486815414
58.3,9.3,32.4,1.486713995943205,0.4837798625197205,0.4484787018255578,0.03530116069416267,0,0.4837798625197205
58.3,9.3,32.4,1.486713995943205,0.4837798625197205,0.4484787018255578,0.03530116069416267,6,0.4484787018255578
58.3,9.3,32.4,1.486713995943205,0.4837798625197205,0.4484787018255578,0.03530116069416267,10,0.4482758620689654
58.3,9.3,32.4,1.486713995943205,0.4837798625197205,0.4484787018255578,0.03530116069416267,33,0.4269776876267748
58.3,9.3,32.4,1.486713995943205,0.4837798625197205,0.4484787018255578,0.03530116069416267,100,0.415314401622718
58.3,9.3,32.4,1.486713995943205,0.4837798625197205,0.4484787018255578,0.03530116069416267,1500,0.2943693711967546
58.3,9.3,32.4,1.4397565922920894,0.5000845165652468,0.41064908722109544,0.08943542934415133,0,0.5000845165652468
58.3,9.3,32.4,1.4397565922920894,0.5000845165652468,0.41064908722109544,0.08943542934415133,6,0.41064908722109544
58.3,9.3,32.4,1.4397565922920894,0.5000845165652468,0.41064908722109544,0.08943542934415133,10,0.4075050709939149
58.3,9.3,32.4,1.4397565922920894,0.5000845165652468,0.41064908722109544,0.08943542934415133,33,0.38995943204868144
58.3,9.3,32.4,1.4397565922920894,0.5000845165652468,0.41064908722109544,0.08943542934415133,100,0.37332657200811364
58.3,9.3,32.4,1.4397565922920894,0.5000845165652468,0.41064908722109544,0.08943542934415133,1500,0.2850718052738337
58.3,9.3,32.4,1.4271805273833673,0.5044512057696642,0.4276876267748478,0.0767635789948164,0,0.5044512057696642
58.3,9.3,32.4,1.4271805273833673,0.5044512057696642,0.4276876267748478,0.0767635789948164,6,0.4276876267748478
58.3,9.3,32.4,1.4271805273833673,0.5044512057696642,0.4276876267748478,0.0767635789948164,10,0.41257606490872223
58.3,9.3,32.4,1.4271805273833673,0.5044512057696642,0.4276876267748478,0.0767635789948164,33,0.4016227180527383
58.3,9.3,32.4,1.4271805273833673,0.5044512057696642,0.4276876267748478,0.0767635789948164,100,0.38651115618661275
58.3,9.3,32.4,1.4271805273833673,0.5044512057696642,0.4276876267748478,0.0767635789948164,1500,0.28258174442190676
58.3,9.3,32.4,1.4963488843813388,0.48043441514536844,0.4508113590263694,0.02962305611899907,0,0.48043441514536844
58.3,9.3,32.4,1.4963488843813388,0.48043441514536844,0.4508113590263694,0.02962305611899907,6,0.4508113590263694
58.3,9.3,32.4,1.4963488843813388,0.48043441514536844,0.4508113590263694,0.02962305611899907,10,0.4502028397565925
58.3,9.3,32.4,1.4963488843813388,0.48043441514536844,0.4508113590263694,0.02962305611899907,33,0.42626774847870186
58.3,9.3,32.4,1.4963488843813388,0.48043441514536844,0.4508113590263694,0.02962305611899907,100,0.41125760649087234
58.3,9.3,32.4,1.4963488843813388,0.48043441514536844,0.4508113590263694,0.02962305611899907,1500,0.2962770791075051
58.3,9.3,32.4,1.45395537525355,0.4951543835925174,0.4461460446247463,0.049008338967771126,0,0.4951543835925174
58.3,9.3,32.4,1.45395537525355,0.4951543835925174,0.4461460446247463,0.049008338967771126,6,0.4461460446247463
58.3,9.3,32.4,1.45395537525355,0.4951543835925174,0.4461460446247463,0.049008338967771126,10,0.44117647058823534
58.3,9.3,32.4,1.45395537525355,0.4951543835925174,0.4461460446247463,0.049008338967771126,33,0.41916835699797145
58.3,9.3,32.4,1.45395537525355,0.4951543835925174,0.4461460446247463,0.049008338967771126,100,0.40212981744421916
58.3,9.3,32.4,1.45395537525355,0.4951543835925174,0.4461460446247463,0.049008338967771126,1500,0.2878831643002029
58.3,9.3,32.4,1.5036511156186612,0.4778989181879648,0.44726166328600403,0.030637254901960786,0,0.4778989181879648
58.3,9.3,32.4,1.5036511156186612,0.4778989181879648,0.44726166328600403,0.030637254901960786,6,0.44726166328600403
58.3,9.3,32.4,1.5036511156186612,0.4778989181879648,0.44726166328600403,0.030637254901960786,10,0.4454361054766736
58.3,9.3,32.4,1.5036511156186612,0.4778989181879648,0.44726166328600403,0.030637254901960786,33,0.42667342799188634
58.3,9.3,32.4,1.5036511156186612,0.4778989181879648,0.44726166328600403,0.030637254901960786,100,0.4105476673427991
58.3,9.3,32.4,1.5036511156186612,0.4778989181879648,0.44726166328600403,0.030637254901960786,1500,0.2977229208924949
58.3,9.3,32.4,1.4673427991886412,0.490505972503944,0.4488843813387423,0.0416215911652017,0,0.490505972503944
58.3,9.3,32.4,1.4673427991886412,0.490505972503944,0.4488843813387423,0.0416215911652017,6,0.4488843813387423
58.3,9.3,32.4,1.4673427991886412,0.490505972503944,0.4488843813387423,0.0416215911652017,10,0.44685598377281954
58.3,9.3,32.4,1.4673427991886412,0.490505972503944,0.4488843813387423,0.0416215911652017,33,0.4275862068965517
58.3,9.3,32.4,1.4673427991886412,0.490505972503944,0.4488843813387423,0.0416215911652017,100,0.4097363083164301
58.3,9.3,32.4,1.4673427991886412,0.490505972503944,0.4488843813387423,0.0416215911652017,1500,0.29053387423935095
58.3,9.3,32.4,1.5307302231237323,0.46849645030425957,0.45172413793103444,0.01677231237322513,0,0.46849645030425957
58.3,9.3,32.4,1.5307302231237323,0.46849645030425957,0.45172413793103444,0.01677231237322513,6,0.45172413793103444
58.3,9.3,32.4,1.5307302231237323,0.46849645030425957,0.45172413793103444,0.01677231237322513,10,0.4503042596348885
58.3,9.3,32.4,1.5307302231237323,0.46849645030425957,0.45172413793103444,0.01677231237322513,33,0.4310344827586207
58.3,9.3,32.4,1.5307302231237323,0.46849645030425957,0.45172413793103444,0.01677231237322513,100,0.41511156186612586
58.3,9.3,32.4,1.5307302231237323,0.46849645030425957,0.45172413793103444,0.01677231237322513,1500,0.303084584178499
58.3,9.3,32.4,1.3413793103448275,0.5342432950191571,0.4670385395537527,0.06720475546540444,0,0.5342432950191571
58.3,9.3,32.4,1.3413793103448275,0.5342432950191571,0.4670385395537527,0.06720475546540444,6,0.4670385395537527
58.3,9.3,32.4,1.3413793103448275,0.5342432950191571,0.4670385395537527,0.06720475546540444,10,0.450709939148073
58.3,9.3,32.4,1.3413793103448275,0.5342432950191571,0.4670385395537527,0.06720475546540444,33,0.39746450304259634
58.3,9.3,32.4,1.3413793103448275,0.5342432950191571,0.4670385395537527,0.06720475546540444,100,0.3815415821501015
58.3,9.3,32.4,1.3413793103448275,0.5342432950191571,0.4670385395537527,0.06720475546540444,1500,0.26559310344827586
58.3,9.3,32.4,1.071501014198783,0.6213777334986632,0.320182555780933,0.3011951777177302,0,0.6213777334986632
58.3,9.3,32.4,1.071501014198783,0.6213777334986632,0.320182555780933,0.3011951777177302,6,0.320182555780933
58.3,9.3,32.4,1.071501014198783,0.6213777334986632,0.320182555780933,0.3011951777177302,10,0.3118661257606491
58.3,9.3,32.4,1.071501014198783,0.6213777334986632,0.320182555780933,0.3011951777177302,33,0.27849898580121685
58.3,9.3,32.4,1.071501014198783,0.6213777334986632,0.320182555780933,0.3011951777177302,100,0.2650101419878296
58.3,9.3,32.4,1.071501014198783,0.6213777334986632,0.320182555780933,0.3011951777177302,1500,0.19287018255578095
58.3,9.3,32.4,1.316632860040568,0.5347587066994459,0.4415821501014201,0.09317655659802582,0,0.5347587066994459
58.3,9.3,32.4,1.316632860040568,0.5347587066994459,0.4415821501014201,0.09317655659802582,6,0.4415821501014201
58.3,9.3,32.4,1.316632860040568,0.5347587066994459,0.4415821501014201,0.09317655659802582,10,0.42870182555780917
58.3,9.3,32.4,1.316632860040568,0.5347587066994459,0.4415821501014201,0.09317655659802582,33,0.3570993914807306
58.3,9.3,32.4,1.316632860040568,0.5347587066994459,0.4415821501014201,0.09317655659802582,100,0.34442190669371237
58.3,9.3,32.4,1.316632860040568,0.5347587066994459,0.4415821501014201,0.09317655659802582,1500,0.23699391480730223
58.3,9.3,32.4,1.4225152129817444,0.49734444770963093,0.46531440162271803,0.0320300460869129,0,0.49734444770963093
58.3,9.3,32.4,1.4225152129817444,0.49734444770963093,0.46531440162271803,0.0320300460869129,6,0.46531440162271803
58.3,9.3,32.4,1.4225152129817444,0.49734444770963093,0.46531440162271803,0.0320300460869129,10,0.45689655172413807
58.3,9.3,32.4,1.4225152129817444,0.49734444770963093,0.46531440162271803,0.0320300460869129,33,0.4028397565922924
58.3,9.3,32.4,1.4225152129817444,0.49734444770963093,0.46531440162271803,0.0320300460869129,100,0.3937119675456389
58.3,9.3,32.4,1.4225152129817444,0.49734444770963093,0.46531440162271803,0.0320300460869129,1500,0.256052738336714
58.3,9.3,32.4,1.3412778904665315,0.526050215382851,0.48681541582150106,0.03923479956134995,0,0.526050215382851
58.3,9.3,32.4,1.3412778904665315,0.526050215382851,0.48681541582150106,0.03923479956134995,6,0.48681541582150106
58.3,9.3,32.4,1.3412778904665315,0.526050215382851,0.48681541582150106,0.03923479956134995,10,0.47403651115618645
58.3,9.3,32.4,1.3412778904665315,0.526050215382851,0.48681541582150106,0.03923479956134995,33,0.3823529411764705
58.3,9.3,32.4,1.3412778904665315,0.526050215382851,0.48681541582150106,0.03923479956134995,100,0.3623732251521297
58.3,9.3,32.4,1.3412778904665315,0.526050215382851,0.48681541582150106,0.03923479956134995,1500,0.24143002028397564
58.3,9.3,32.4,1.2750507099391482,0.5494520459578982,0.4854969574036512,0.06395508855424703,0,0.5494520459578982
58.3,9.3,32.4,1.2750507099391482,0.5494520459578982,0.4854969574036512,0.06395508855424703,6,0.4854969574036512
58.3,9.3,32.4,1.2750507099391482,0.5494520459578982,0.4854969574036512,0.06395508855424703,10,0.4662271805273834
58.3,9.3,32.4,1.2750507099391482,0.5494520459578982,0.4854969574036512,0.06395508855424703,33,0.3574036511156188
58.3,9.3,32.4,1.2750507099391482,0.5494520459578982,0.4854969574036512,0.06395508855424703,100,0.34178498985801237
58.3,9.3,32.4,1.2750507099391482,0.5494520459578982,0.4854969574036512,0.06395508855424703,1500,0.22950912778904667
58.3,9.3,32.4,1.3508113590263693,0.5226814985772547,0.443813387423935,0.07886811115331965,0,0.5226814985772547
58.3,9.3,32.4,1.3508113590263693,0.5226814985772547,0.443813387423935,0.07886811115331965,6,0.443813387423935
58.3,9.3,32.4,1.3508113590263693,0.5226814985772547,0.443813387423935,0.07886811115331965,10,0.43498985801217027
58.3,9.3,32.4,1.3508113590263693,0.5226814985772547,0.443813387423935,0.07886811115331965,33,0.39563894523326565
58.3,9.3,32.4,1.3508113590263693,0.5226814985772547,0.443813387423935,0.07886811115331965,100,0.3748478701825556
58.3,9.3,32.4,1.3508113590263693,0.5226814985772547,0.443813387423935,0.07886811115331965,1500,0.24314604462474645
58.3,9.3,32.4,1.308316430020284,0.5376973745511364,0.4327586206896551,0.10493875386148133,0,0.5376973745511364
58.3,9.3,32.4,1.308316430020284,0.5376973745511364,0.4327586206896551,0.10493875386148133,6,0.4327586206896551
58.3,9.3,32.4,1.308316430020284,0.5376973745511364,0.4327586206896551,0.10493875386148133,10,0.4176470588235295
58.3,9.3,32.4,1.308316430020284,0.5376973745511364,0.4327586206896551,0.10493875386148133,33,0.35963488843813396
58.3,9.3,32.4,1.308316430020284,0.5376973745511364,0.4327586206896551,0.10493875386148133,100,0.34655172413793095
58.3,9.3,32.4,1.308316430020284,0.5376973745511364,0.4327586206896551,0.10493875386148133,1500,0.23549695740365112
58.3,9.3,32.4,1.3427991886409738,0.5255126541904687,0.4271805273833672,0.09833212680710146,0,0.5255126541904687
58.3,9.3,32.4,1.3427991886409738,0.5255126541904687,0.4271805273833672,0.09833212680710146,6,0.4271805273833672
58.3,9.3,32.4,1.3427991886409738,0.5255126541904687,0.4271805273833672,0.09833212680710146,10,0.4141987829614605
58.3,9.3,32.4,1.3427991886409738,0.5255126541904687,0.4271805273833672,0.09833212680710146,33,0.37900608519269785
58.3,9.3,32.4,1.3427991886409738,0.5255126541904687,0.4271805273833672,0.09833212680710146,100,0.3636916835699796
58.3,9.3,32.4,1.3427991886409738,0.5255126541904687,0.4271805273833672,0.09833212680710146,1500,0.24170385395537528
58.3,9.3,32.4,1.3455375253549697,0.5245450440441803,0.43356997971602435,0.090975064328156,0,0.5245450440441803
58.3,9.3,32.4,1.3455375253549697,0.5245450440441803,0.43356997971602435,0.090975064328156,6,0.43356997971602435
58.3,9.3,32.4,1.3455375253549697,0.5245450440441803,0.43356997971602435,0.090975064328156,10,0.4131845841784991
58.3,9.3,32.4,1.3455375253549697,0.5245450440441803,0.43356997971602435,0.090975064328156,33,0.3799188640973629
58.3,9.3,32.4,1.3455375253549697,0.5245450440441803,0.43356997971602435,0.090975064328156,100,0.3644016227180528
58.3,9.3,32.4,1.3455375253549697,0.5245450440441803,0.43356997971602435,0.090975064328156,1500,0.24219675456389456
58.3,9.3,32.4,1.2942190669371199,0.54267877493388,0.4905679513184585,0.052110823615421464,0,0.54267877493388
58.3,9.3,32.4,1.2942190669371199,0.54267877493388,0.4905679513184585,0.052110823615421464,6,0.4905679513184585
58.3,9.3,32.4,1.2942190669371199,0.54267877493388,0.4905679513184585,0.052110823615421464,10,0.4789046653144016
58.3,9.3,32.4,1.2942190669371199,0.54267877493388,0.4905679513184585,0.052110823615421464,33,0.37778904665314406
58.3,9.3,32.4,1.2942190669371199,0.54267877493388,0.4905679513184585,0.052110823615421464,100,0.3698782961460446
58.3,9.3,32.4,1.2942190669371199,0.54267877493388,0.4905679513184585,0.052110823615421464,1500,0.23295943204868155
58.3,9.3,32.4,1.3936105476673428,0.5161074487266171,0.4508113590263694,0.0652960897002477,0,0.5161074487266171
58.3,9.3,32.4,1.3936105476673428,0.5161074487266171,0.4508113590263694,0.0652960897002477,6,0.4508113590263694
58.3,9.3,32.4,1.3936105476673428,0.5161074487266171,0.4508113590263694,0.0652960897002477,10,0.436004056795132
58.3,9.3,32.4,1.3936105476673428,0.5161074487266171,0.4508113590263694,0.0652960897002477,33,0.39401622718052765
58.3,9.3,32.4,1.3936105476673428,0.5161074487266171,0.4508113590263694,0.0652960897002477,100,0.3825557809330629
58.3,9.3,32.4,1.3936105476673428,0.5161074487266171,0.4508113590263694,0.0652960897002477,1500,0.2759348884381339
58.3,9.3,32.4,1.3270791075050714,0.5392086432274057,0.458316430020284,0.0808922132071217,0,0.5392086432274057
58.3,9.3,32.4,1.3270791075050714,0.5392086432274057,0.458316430020284,0.0808922132071217,6,0.458316430020284
58.3,9.3,32.4,1.3270791075050714,0.5392086432274057,0.458316430020284,0.0808922132071217,10,0.43681541582150096
58.3,9.3,32.4,1.3270791075050714,0.5392086432274057,0.458316430020284,0.0808922132071217,33,0.3734279918864097
58.3,9.3,32.4,1.3270791075050714,0.5392086432274057,0.458316430020284,0.0808922132071217,100,0.3600405679513185
58.3,9.3,32.4,1.3270791075050714,0.5392086432274057,0.458316430020284,0.0808922132071217,1500,0.26276166328600414
58.3,9.3,32.4,1.305578093306288,0.5466742731575389,0.46855983772819493,0.07811443542934399,0,0.5466742731575389
58.3,9.3,32.4,1.305578093306288,0.5466742731575389,0.46855983772819493,0.07811443542934399,6,0.46855983772819493
58.3,9.3,32.4,1.305578093306288,0.5466742731575389,0.46855983772819493,0.07811443542934399,10,0.4558823529411767
58.3,9.3,32.4,1.305578093306288,0.5466742731575389,0.46855983772819493,0.07811443542934399,33,0.37474645030425985
58.3,9.3,32.4,1.305578093306288,0.5466742731575389,0.46855983772819493,0.07811443542934399,100,0.35973630831643005
58.3,9.3,32.4,1.305578093306288,0.5466742731575389,0.46855983772819493,0.07811443542934399,1500,0.25850446247464504
58.3,9.3,32.4,1.319979716024341,0.5416737097137705,0.4656186612576065,0.07605504845616401,0,0.5416737097137705
58.3,9.3,32.4,1.319979716024341,0.5416737097137705,0.4656186612576065,0.07605504845616401,6,0.4656186612576065
58.3,9.3,32.4,1.319979716024341,0.5416737097137705,0.4656186612576065,0.07605504845616401,10,0.4552738336713995
58.3,9.3,32.4,1.319979716024341,0.5416737097137705,0.4656186612576065,0.07605504845616401,33,0.3804259634888437
58.3,9.3,32.4,1.319979716024341,0.5416737097137705,0.4656186612576065,0.07605504845616401,100,0.36906693711967536
58.3,9.3,32.4,1.319979716024341,0.5416737097137705,0.4656186612576065,0.07605504845616401,1500,0.26135598377281954
58.3,9.3,32.4,1.3031440162271808,0.5475194388100066,0.42677484787018244,0.1207445909398242,0,0.5475194388100066
58.3,9.3,32.4,1.3031440162271808,0.5475194388100066,0.42677484787018244,0.1207445909398242,6,0.42677484787018244
58.3,9.3,32.4,1.3031440162271808,0.5475194388100066,0.42677484787018244,0.1207445909398242,10,0.41328600405679516
58.3,9.3,32.4,1.3031440162271808,0.5475194388100066,0.42677484787018244,0.1207445909398242,33,0.38346855983772826
58.3,9.3,32.4,1.3031440162271808,0.5475194388100066,0.42677484787018244,0.1207445909398242,100,0.3648073022312373
58.3,9.3,32.4,1.3031440162271808,0.5475194388100066,0.42677484787018244,0.1207445909398242,1500,0.2580225152129818
58.3,9.3,32.4,1.4085192697768762,0.5109308091052513,0.4796146044624746,0.031316204642776735,0,0.5109308091052513
58.3,9.3,32.4,1.4085192697768762,0.5109308091052513,0.4796146044624746,0.031316204642776735,6,0.4796146044624746
58.3,9.3,32.4,1.4085192697768762,0.5109308091052513,0.4796146044624746,0.031316204642776735,10,0.46592292089249493
58.3,9.3,32.4,1.4085192697768762,0.5109308091052513,0.4796146044624746,0.031316204642776735,33,0.3935091277890468
58.3,9.3,32.4,1.4085192697768762,0.5109308091052513,0.4796146044624746,0.031316204642776735,100,0.3815415821501015
58.3,9.3,32.4,1.4085192697768762,0.5109308091052513,0.4796146044624746,0.031316204642776735,1500,0.2788868154158215
58.3,9.3,32.4,1.2890466531440163,0.5524143565472166,0.48225152129817417,0.07016283524904243,0,0.5524143565472166
58.3,9.3,32.4,1.2890466531440163,0.5524143565472166,0.48225152129817417,0.07016283524904243,6,0.48225152129817417
58.3,9.3,32.4,1.2890466531440163,0.5524143565472166,0.48225152129817417,0.07016283524904243,10,0.4706896551724136
58.3,9.3,32.4,1.2890466531440163,0.5524143565472166,0.48225152129817417,0.07016283524904243,33,0.3600405679513186
58.3,9.3,32.4,1.2890466531440163,0.5524143565472166,0.48225152129817417,0.07016283524904243,100,0.3480730223123733
58.3,9.3,32.4,1.2890466531440163,0.5524143565472166,0.48225152129817417,0.07016283524904243,1500,0.25523123732251524
58.3,9.3,32.4,1.324442190669371,0.5401242393509128,0.41896551724137937,0.12115872210953343,0,0.5401242393509128
58.3,9.3,32.4,1.324442190669371,0.5401242393509128,0.41896551724137937,0.12115872210953343,6,0.41896551724137937
58.3,9.3,32.4,1.324442190669371,0.5401242393509128,0.41896551724137937,0.12115872210953343,10,0.40091277890466565
58.3,9.3,32.4,1.324442190669371,0.5401242393509128,0.41896551724137937,0.12115872210953343,33,0.36795131845841816
58.3,9.3,32.4,1.324442190669371,0.5401242393509128,0.41896551724137937,0.12115872210953343,100,0.35152129817444244
58.3,9.3,32.4,1.324442190669371,0.5401242393509128,0.41896551724137937,0.12115872210953343,1500,0.2622395537525355
58.3,9.3,32.4,1.3959432048681542,0.5152974983096688,0.455983772819473,0.05931372549019576,0,0.5152974983096688
58.3,9.3,32.4,1.3959432048681542,0.5152974983096688,0.455983772819473,0.05931372549019576,6,0.455983772819473
58.3,9.3,32.4,1.3959432048681542,0.5152974983096688,0.455983772819473,0.05931372549019576,10,0.4406693711967545
58.3,9.3,32.4,1.3959432048681542,0.5152974983096688,0.455983772819473,0.05931372549019576,33,0.3867139959432048
58.3,9.3,32.4,1.3959432048681542,0.5152974983096688,0.455983772819473,0.05931372549019576,100,0.37423935091277927
58.3,9.3,32.4,1.3959432048681542,0.5152974983096688,0.455983772819473,0.05931372549019576,1500,0.2763967545638945
58.3,9.3,32.4,1.38052738336714,0.5206502141086319,0.45598377281947244,0.06466644128915944,0,0.5206502141086319
58.3,9.3,32.4,1.38052738336714,0.5206502141086319,0.45598377281947244,0.06466644128915944,6,0.45598377281947244
58.3,9.3,32.4,1.38052738336714,0.5206502141086319,0.45598377281947244,0.06466644128915944,10,0.44858012170385386
58.3,9.3,32.4,1.38052738336714,0.5206502141086319,0.45598377281947244,0.06466644128915944,33,0.3924949290060851
58.3,9.3,32.4,1.38052738336714,0.5206502141086319,0.45598377281947244,0.06466644128915944,100,0.3924949290060851
58.3,9.3,32.4,1.38052738336714,0.5206502141086319,0.45598377281947244,0.06466644128915944,1500,0.2733444219066937
