"Argila, g/kg","Silte, g/kg","Areia total, g/kg","Carbono total, g/dm3","Dens. solo, Mg m-3",Poros Total Calculada,theta,umidade
79.50000000000013,16.049999999999898,4.449999999999974,15.54,1.3392999999999997,0.5285664000000001,6,0.4585999999999998
79.50000000000013,16.049999999999898,4.449999999999974,15.54,1.3392999999999997,0.5285664000000001,10,0.4568000000000004
79.50000000000013,16.049999999999898,4.449999999999974,15.54,1.3392999999999997,0.5285664000000001,33,0.43659999999999993
79.50000000000013,16.049999999999898,4.449999999999974,15.54,1.3392999999999997,0.5285664000000001,100,0.42520000000000013
79.50000000000013,16.049999999999898,4.449999999999974,15.54,1.3392999999999997,0.5285664000000001,1500,0.37680000000000036
80.24999999999838,15.250000000001762,4.499999999999858,11.06,1.3961000000000001,0.5108065599999998,6,0.4981
80.24999999999838,15.250000000001762,4.499999999999858,11.06,1.3961000000000001,0.5108065599999998,10,0.4881999999999999
80.24999999999838,15.250000000001762,4.499999999999858,11.06,1.3961000000000001,0.5108065599999998,33,0.4615999999999997
80.24999999999838,15.250000000001762,4.499999999999858,11.06,1.3961000000000001,0.5108065599999998,100,0.44509999999999994
80.24999999999838,15.250000000001762,4.499999999999858,11.06,1.3961000000000001,0.5108065599999998,1500,0.39120000000000005
81.65000000000045,13.999999999999346,4.3500000000002075,9.5,1.3313,0.5340450000000001,6,0.48599999999999993
81.65000000000045,13.999999999999346,4.3500000000002075,9.5,1.3313,0.5340450000000001,10,0.48200000000000015
81.65000000000045,13.999999999999346,4.3500000000002075,9.5,1.3313,0.5340450000000001,33,0.4472999999999999
81.65000000000045,13.999999999999346,4.3500000000002075,9.5,1.3313,0.5340450000000001,100,0.4328999999999999
81.65000000000045,13.999999999999346,4.3500000000002075,9.5,1.3313,0.5340450000000001,1500,0.3708000000000001
82.95000000000097,11.799999999999145,5.249999999999886,9.93,1.2976999999999999,0.5458050000000001,6,0.49809999999999977
82.95000000000097,11.799999999999145,5.249999999999886,9.93,1.2976999999999999,0.5458050000000001,10,0.4961999999999998
82.95000000000097,11.799999999999145,5.249999999999886,9.93,1.2976999999999999,0.5458050000000001,33,0.4516999999999999
82.95000000000097,11.799999999999145,5.249999999999886,9.93,1.2976999999999999,0.5458050000000001,100,0.42880000000000024
82.95000000000097,11.799999999999145,5.249999999999886,9.93,1.2976999999999999,0.5458050000000001,1500,0.37919999999999987
78.7500000000001,15.349999999999753,5.900000000000148,16.09,1.3610999999999998,0.51844282,6,0.48540000000000016
78.7500000000001,15.349999999999753,5.900000000000148,16.09,1.3610999999999998,0.51844282,10,0.4761000000000001
78.7500000000001,15.349999999999753,5.900000000000148,16.09,1.3610999999999998,0.51844282,33,0.4509000000000003
78.7500000000001,15.349999999999753,5.900000000000148,16.09,1.3610999999999998,0.51844282,100,0.43819999999999987
78.7500000000001,15.349999999999753,5.900000000000148,16.09,1.3610999999999998,0.51844282,1500,0.39230000000000015
79.95000000000086,15.900000000000247,4.149999999998897,13.2,1.4289,0.49817031999999994,6,0.4908999999999997
79.95000000000086,15.900000000000247,4.149999999998897,13.2,1.4289,0.49817031999999994,10,0.4820999999999998
79.95000000000086,15.900000000000247,4.149999999998897,13.2,1.4289,0.49817031999999994,33,0.46990000000000004
79.95000000000086,15.900000000000247,4.149999999998897,13.2,1.4289,0.49817031999999994,100,0.4544999999999998
79.95000000000086,15.900000000000247,4.149999999998897,13.2,1.4289,0.49817031999999994,1500,0.4108999999999997
79.74999999999955,13.550000000000395,6.70000000000006,12.38,1.3856000000000004,0.5142086399999999,6,0.48669999999999985
79.74999999999955,13.550000000000395,6.70000000000006,12.38,1.3856000000000004,0.5142086399999999,10,0.4810999999999999
79.74999999999955,13.550000000000395,6.70000000000006,12.38,1.3856000000000004,0.5142086399999999,33,0.4710999999999999
79.74999999999955,13.550000000000395,6.70000000000006,12.38,1.3856000000000004,0.5142086399999999,100,0.4541999999999999
79.74999999999955,13.550000000000395,6.70000000000006,12.38,1.3856000000000004,0.5142086399999999,1500,0.4073999999999999
81.49999999999902,14.950000000002461,3.5499999999985192,12.07,1.3730000000000002,0.5186261999999999,6,0.4986
81.49999999999902,14.950000000002461,3.5499999999985192,12.07,1.3730000000000002,0.5186261999999999,10,0.4895000000000003
81.49999999999902,14.950000000002461,3.5499999999985192,12.07,1.3730000000000002,0.5186261999999999,33,0.47020000000000023
81.49999999999902,14.950000000002461,3.5499999999985192,12.07,1.3730000000000002,0.5186261999999999,100,0.45200000000000035
81.49999999999902,14.950000000002461,3.5499999999985192,12.07,1.3730000000000002,0.5186261999999999,1500,0.40109999999999996
80.15000000000039,15.049999999998676,4.800000000000935,15.23,1.247,0.5603077999999999,6,0.4583000000000001
80.15000000000039,15.049999999998676,4.800000000000935,15.23,1.247,0.5603077999999999,10,0.4504999999999998
80.15000000000039,15.049999999998676,4.800000000000935,15.23,1.247,0.5603077999999999,33,0.40359999999999985
80.15000000000039,15.049999999998676,4.800000000000935,15.23,1.247,0.5603077999999999,100,0.38439999999999963
80.15000000000039,15.049999999998676,4.800000000000935,15.23,1.247,0.5603077999999999,1500,0.3324999999999997
79.10000000000106,16.14999999999789,4.750000000001052,13.24,1.3845999999999998,0.5117900400000002,6,0.4938000000000001
79.10000000000106,16.14999999999789,4.750000000001052,13.24,1.3845999999999998,0.5117900400000002,10,0.47609999999999975
79.10000000000106,16.14999999999789,4.750000000001052,13.24,1.3845999999999998,0.5117900400000002,33,0.4601000000000001
79.10000000000106,16.14999999999789,4.750000000001052,13.24,1.3845999999999998,0.5117900400000002,100,0.4427999999999999
79.10000000000106,16.14999999999789,4.750000000001052,13.24,1.3845999999999998,0.5117900400000002,1500,0.39300000000000035
81.00000000000018,15.59999999999917,3.400000000000645,12.97,1.3709,0.5177173799999999,6,0.48419999999999985
81.00000000000018,15.59999999999917,3.400000000000645,12.97,1.3709,0.5177173799999999,10,0.47180000000000033
81.00000000000018,15.59999999999917,3.400000000000645,12.97,1.3709,0.5177173799999999,33,0.45840000000000003
81.00000000000018,15.59999999999917,3.400000000000645,12.97,1.3709,0.5177173799999999,100,0.43560000000000026
81.00000000000018,15.59999999999917,3.400000000000645,12.97,1.3709,0.5177173799999999,1500,0.3850000000000003
78.1500000000015,18.49999999999774,3.3500000000007617,10.36,1.2320000000000002,0.5673215999999999,6,0.4957000000000002
78.1500000000015,18.49999999999774,3.3500000000007617,10.36,1.2320000000000002,0.5673215999999999,10,0.4883000000000001
78.1500000000015,18.49999999999774,3.3500000000007617,10.36,1.2320000000000002,0.5673215999999999,33,0.4304999999999999
78.1500000000015,18.49999999999774,3.3500000000007617,10.36,1.2320000000000002,0.5673215999999999,100,0.411
78.1500000000015,18.49999999999774,3.3500000000007617,10.36,1.2320000000000002,0.5673215999999999,1500,0.35859999999999986
77.44999999999958,15.950000000001907,6.599999999998516,17.72,1.3832000000000002,0.5122836799999999,6,0.4822999999999999
77.44999999999958,15.950000000001907,6.599999999998516,17.72,1.3832000000000002,0.5122836799999999,10,0.4712999999999997
77.44999999999958,15.950000000001907,6.599999999998516,17.72,1.3832000000000002,0.5122836799999999,33,0.4465
77.44999999999958,15.950000000001907,6.599999999998516,17.72,1.3832000000000002,0.5122836799999999,100,0.43650000000000005
77.44999999999958,15.950000000001907,6.599999999998516,17.72,1.3832000000000002,0.5122836799999999,1500,0.3948999999999998
82.0999999999994,13.400000000000745,4.499999999999858,11.61,1.325,0.5330699999999999,6,0.49990000000000046
82.0999999999994,13.400000000000745,4.499999999999858,11.61,1.325,0.5330699999999999,10,0.4959000000000001
82.0999999999994,13.400000000000745,4.499999999999858,11.61,1.325,0.5330699999999999,33,0.44530000000000014
82.0999999999994,13.400000000000745,4.499999999999858,11.61,1.325,0.5330699999999999,100,0.4256000000000004
82.0999999999994,13.400000000000745,4.499999999999858,11.61,1.325,0.5330699999999999,1500,0.38160000000000005
81.05000000000007,14.300000000000423,4.649999999999508,10.86,1.2820999999999998,0.5530599400000005,6,0.47720000000000024
81.05000000000007,14.300000000000423,4.649999999999508,10.86,1.2820999999999998,0.5530599400000005,10,0.4715000000000003
81.05000000000007,14.300000000000423,4.649999999999508,10.86,1.2820999999999998,0.5530599400000005,33,0.4287999999999999
81.05000000000007,14.300000000000423,4.649999999999508,10.86,1.2820999999999998,0.5530599400000005,100,0.4135000000000002
81.05000000000007,14.300000000000423,4.649999999999508,10.86,1.2820999999999998,0.5530599400000005,1500,0.3631
81.99999999999963,14.54999999999984,3.4500000000005286,8.76,1.3052999999999997,0.5452334799999998,6,0.5095
81.99999999999963,14.54999999999984,3.4500000000005286,8.76,1.3052999999999997,0.5452334799999998,10,0.5025000000000002
81.99999999999963,14.54999999999984,3.4500000000005286,8.76,1.3052999999999997,0.5452334799999998,33,0.48250000000000015
81.99999999999963,14.54999999999984,3.4500000000005286,8.76,1.3052999999999997,0.5452334799999998,100,0.4683999999999999
81.99999999999963,14.54999999999984,3.4500000000005286,8.76,1.3052999999999997,0.5452334799999998,1500,0.4282000000000001
80.15000000000039,14.599999999999724,5.249999999999886,17.29,1.2855999999999996,0.5456689600000002,6,0.4709
80.15000000000039,14.599999999999724,5.249999999999886,17.29,1.2855999999999996,0.5456689600000002,10,0.45490000000000036
80.15000000000039,14.599999999999724,5.249999999999886,17.29,1.2855999999999996,0.5456689600000002,33,0.43010000000000015
80.15000000000039,14.599999999999724,5.249999999999886,17.29,1.2855999999999996,0.5456689600000002,100,0.4132000000000002
80.15000000000039,14.599999999999724,5.249999999999886,17.29,1.2855999999999996,0.5456689600000002,1500,0.3601000000000002
81.49999999999902,13.700000000000045,4.800000000000935,13.36,1.3668,0.51915976,6,0.5155
81.49999999999902,13.700000000000045,4.800000000000935,13.36,1.3668,0.51915976,10,0.5117
81.49999999999902,13.700000000000045,4.800000000000935,13.36,1.3668,0.51915976,33,0.4791
81.49999999999902,13.700000000000045,4.800000000000935,13.36,1.3668,0.51915976,100,0.45350000000000007
81.49999999999902,13.700000000000045,4.800000000000935,13.36,1.3668,0.51915976,1500,0.3987000000000004
84.34999999999948,13.500000000000512,2.1500000000000057,10.83,1.2305,0.5653874000000001,6,0.4893
84.34999999999948,13.500000000000512,2.1500000000000057,10.83,1.2305,0.5653874000000001,10,0.4706999999999999
84.34999999999948,13.500000000000512,2.1500000000000057,10.83,1.2305,0.5653874000000001,33,0.4594999999999999
84.34999999999948,13.500000000000512,2.1500000000000057,10.83,1.2305,0.5653874000000001,100,0.4319
84.34999999999948,13.500000000000512,2.1500000000000057,10.83,1.2305,0.5653874000000001,1500,0.38019999999999976
81.05000000000007,11.44999999999996,7.499999999999972,6.07,1.2277,0.5646575800000001,6,0.5232999999999998
81.05000000000007,11.44999999999996,7.499999999999972,6.07,1.2277,0.5646575800000001,10,0.5225999999999998
81.05000000000007,11.44999999999996,7.499999999999972,6.07,1.2277,0.5646575800000001,33,0.5028999999999997
81.05000000000007,11.44999999999996,7.499999999999972,6.07,1.2277,0.5646575800000001,100,0.47939999999999994
81.05000000000007,11.44999999999996,7.499999999999972,6.07,1.2277,0.5646575800000001,1500,0.43370000000000003
79.3000000000006,15.999999999998238,4.700000000001168,15.35,1.2248999999999999,0.5776544800000001,6,0.4855999999999997
79.3000000000006,15.999999999998238,4.700000000001168,15.35,1.2248999999999999,0.5776544800000001,10,0.47549999999999976
79.3000000000006,15.999999999998238,4.700000000001168,15.35,1.2248999999999999,0.5776544800000001,33,0.42409999999999987
79.3000000000006,15.999999999998238,4.700000000001168,15.35,1.2248999999999999,0.5776544800000001,100,0.3959
79.3000000000006,15.999999999998238,4.700000000001168,15.35,1.2248999999999999,0.5776544800000001,1500,0.33829999999999977
77.15000000000028,13.949999999999463,8.900000000000261,10.16,1.3658999999999997,0.5271254200000002,6,0.5118
77.15000000000028,13.949999999999463,8.900000000000261,10.16,1.3658999999999997,0.5271254200000002,10,0.5094999999999998
77.15000000000028,13.949999999999463,8.900000000000261,10.16,1.3658999999999997,0.5271254200000002,33,0.4753000000000003
77.15000000000028,13.949999999999463,8.900000000000261,10.16,1.3658999999999997,0.5271254200000002,100,0.44680000000000003
77.15000000000028,13.949999999999463,8.900000000000261,10.16,1.3658999999999997,0.5271254200000002,1500,0.3992000000000001
77.35000000000159,13.549999999998619,9.099999999999795,10.94,1.3309000000000004,0.5355159,6,0.5121999999999998
77.35000000000159,13.549999999998619,9.099999999999795,10.94,1.3309000000000004,0.5355159,10,0.5095
77.35000000000159,13.549999999998619,9.099999999999795,10.94,1.3309000000000004,0.5355159,33,0.47289999999999965
77.35000000000159,13.549999999998619,9.099999999999795,10.94,1.3309000000000004,0.5355159,100,0.4387000000000001
77.35000000000159,13.549999999998619,9.099999999999795,10.94,1.3309000000000004,0.5355159,1500,0.3963999999999999
80.00000000000074,12.299999999999756,7.6999999999995055,10.48,1.3060000000000003,0.5478627999999999,6,0.4959000000000002
80.00000000000074,12.299999999999756,7.6999999999995055,10.48,1.3060000000000003,0.5478627999999999,10,0.49160000000000004
80.00000000000074,12.299999999999756,7.6999999999995055,10.48,1.3060000000000003,0.5478627999999999,33,0.4448
80.00000000000074,12.299999999999756,7.6999999999995055,10.48,1.3060000000000003,0.5478627999999999,100,0.4304
80.00000000000074,12.299999999999756,7.6999999999995055,10.48,1.3060000000000003,0.5478627999999999,1500,0.3904
79.74999999999955,15.65000000000083,4.599999999999625,17.29,1.3214,0.5311672799999998,6,0.47259999999999985
79.74999999999955,15.65000000000083,4.599999999999625,17.29,1.3214,0.5311672799999998,10,0.4662999999999999
79.74999999999955,15.65000000000083,4.599999999999625,17.29,1.3214,0.5311672799999998,33,0.4626999999999998
79.74999999999955,15.65000000000083,4.599999999999625,17.29,1.3214,0.5311672799999998,100,0.4372999999999996
79.74999999999955,15.65000000000083,4.599999999999625,17.29,1.3214,0.5311672799999998,1500,0.39610000000000006
81.09999999999995,13.799999999999812,5.100000000000236,12.11,1.4132999999999998,0.49629988000000014,6,0.4694
81.09999999999995,13.799999999999812,5.100000000000236,12.11,1.4132999999999998,0.49629988000000014,10,0.46230000000000016
81.09999999999995,13.799999999999812,5.100000000000236,12.11,1.4132999999999998,0.49629988000000014,33,0.4612
81.09999999999995,13.799999999999812,5.100000000000236,12.11,1.4132999999999998,0.49629988000000014,100,0.4579000000000002
81.09999999999995,13.799999999999812,5.100000000000236,12.11,1.4132999999999998,0.49629988000000014,1500,0.4123000000000002
80.09999999999873,15.70000000000249,4.199999999998781,11.96,1.3791,0.5134535199999997,6,0.5088999999999999
80.09999999999873,15.70000000000249,4.199999999998781,11.96,1.3791,0.5134535199999997,10,0.5068
80.09999999999873,15.70000000000249,4.199999999998781,11.96,1.3791,0.5134535199999997,33,0.47129999999999994
80.09999999999873,15.70000000000249,4.199999999998781,11.96,1.3791,0.5134535199999997,100,0.44240000000000007
80.09999999999873,15.70000000000249,4.199999999998781,11.96,1.3791,0.5134535199999997,1500,0.4000999999999999
80.54999999999946,13.350000000000861,6.099999999999682,9.77,1.2963999999999998,0.53900016,6,0.5104000000000002
80.54999999999946,13.350000000000861,6.099999999999682,9.77,1.2963999999999998,0.53900016,10,0.5016000000000002
80.54999999999946,13.350000000000861,6.099999999999682,9.77,1.2963999999999998,0.53900016,33,0.4651999999999998
80.54999999999946,13.350000000000861,6.099999999999682,9.77,1.2963999999999998,0.53900016,100,0.4400999999999999
80.54999999999946,13.350000000000861,6.099999999999682,9.77,1.2963999999999998,0.53900016,1500,0.4011000000000001
79.84999999999931,15.29999999999987,4.8500000000008185,18.31,1.2869,0.5403193199999996,6,0.5120999999999998
79.84999999999931,15.29999999999987,4.8500000000008185,18.31,1.2869,0.5403193199999996,10,0.5062
79.84999999999931,15.29999999999987,4.8500000000008185,18.31,1.2869,0.5403193199999996,33,0.4519999999999999
79.84999999999931,15.29999999999987,4.8500000000008185,18.31,1.2869,0.5403193199999996,100,0.42
79.84999999999931,15.29999999999987,4.8500000000008185,18.31,1.2869,0.5403193199999996,1500,0.3667000000000002
82.25000000000082,13.049999999998008,4.700000000001168,12.07,1.3481999999999998,0.5197711599999999,6,0.49170000000000014
82.25000000000082,13.049999999998008,4.700000000001168,12.07,1.3481999999999998,0.5197711599999999,10,0.48639999999999983
82.25000000000082,13.049999999998008,4.700000000001168,12.07,1.3481999999999998,0.5197711599999999,33,0.5657999999999997
82.25000000000082,13.049999999998008,4.700000000001168,12.07,1.3481999999999998,0.5197711599999999,100,0.4414999999999997
82.25000000000082,13.049999999998008,4.700000000001168,12.07,1.3481999999999998,0.5197711599999999,1500,0.4003999999999996
80.44999999999969,13.000000000001677,6.549999999998633,10.71,1.2805000000000002,0.5467029999999996,6,0.4860000000000002
80.44999999999969,13.000000000001677,6.549999999998633,10.71,1.2805000000000002,0.5467029999999996,10,0.47839999999999977
80.44999999999969,13.000000000001677,6.549999999998633,10.71,1.2805000000000002,0.5467029999999996,33,0.4411000000000002
80.44999999999969,13.000000000001677,6.549999999998633,10.71,1.2805000000000002,0.5467029999999996,100,0.4156000000000001
80.44999999999969,13.000000000001677,6.549999999998633,10.71,1.2805000000000002,0.5467029999999996,1500,0.36610000000000015
79.55000000000001,13.299999999999201,7.150000000000787,10.63,1.2433,0.5586285000000004,6,0.49789999999999957
79.55000000000001,13.299999999999201,7.150000000000787,10.63,1.2433,0.5586285000000004,10,0.4881
79.55000000000001,13.299999999999201,7.150000000000787,10.63,1.2433,0.5586285000000004,33,0.4597999999999996
79.55000000000001,13.299999999999201,7.150000000000787,10.63,1.2433,0.5586285000000004,100,0.43159999999999965
79.55000000000001,13.299999999999201,7.150000000000787,10.63,1.2433,0.5586285000000004,1500,0.3800999999999999
79.5999999999999,15.400000000001413,4.999999999998693,17.6,1.1337,0.5945888800000001,6,0.4703999999999998
79.5999999999999,15.400000000001413,4.999999999998693,17.6,1.1337,0.5945888800000001,10,0.45830000000000004
79.5999999999999,15.400000000001413,4.999999999998693,17.6,1.1337,0.5945888800000001,33,0.3940999999999999
79.5999999999999,15.400000000001413,4.999999999998693,17.6,1.1337,0.5945888800000001,100,0.3809
79.5999999999999,15.400000000001413,4.999999999998693,17.6,1.1337,0.5945888800000001,1500,0.32320000000000015
79.3000000000006,13.89999999999958,6.799999999999827,13.44,1.3181,0.5304927799999999,6,0.5001999999999999
79.3000000000006,13.89999999999958,6.799999999999827,13.44,1.3181,0.5304927799999999,10,0.49759999999999993
79.3000000000006,13.89999999999958,6.799999999999827,13.44,1.3181,0.5304927799999999,33,0.46629999999999994
79.3000000000006,13.89999999999958,6.799999999999827,13.44,1.3181,0.5304927799999999,100,0.44529999999999975
79.3000000000006,13.89999999999958,6.799999999999827,13.44,1.3181,0.5304927799999999,1500,0.4063
82.79999999999954,12.600000000000833,4.599999999999625,12.07,1.29794,0.538971712,6,0.50126
82.79999999999954,12.600000000000833,4.599999999999625,12.07,1.29794,0.538971712,10,0.49605999999999967
82.79999999999954,12.600000000000833,4.599999999999625,12.07,1.29794,0.538971712,33,0.4551599999999999
82.79999999999954,12.600000000000833,4.599999999999625,12.07,1.29794,0.538971712,100,0.4308599999999998
82.79999999999954,12.600000000000833,4.599999999999625,12.07,1.29794,0.538971712,1500,0.3977599999999998
79.64999999999978,12.9999999999999,7.350000000000321,9.35,1.1876,0.57745192,6,0.5214000000000001
79.64999999999978,12.9999999999999,7.350000000000321,9.35,1.1876,0.57745192,10,0.5037999999999996
79.64999999999978,12.9999999999999,7.350000000000321,9.35,1.1876,0.57745192,33,0.46859999999999974
79.64999999999978,12.9999999999999,7.350000000000321,9.35,1.1876,0.57745192,100,0.4441999999999998
79.64999999999978,12.9999999999999,7.350000000000321,9.35,1.1876,0.57745192,1500,0.4089000000000001
81.34999999999937,14.25000000000054,4.400000000000091,18.89,1.2956999999999999,0.5402856399999998,6,0.5023000000000002
81.34999999999937,14.25000000000054,4.400000000000091,18.89,1.2956999999999999,0.5402856399999998,10,0.4850999999999999
81.34999999999937,14.25000000000054,4.400000000000091,18.89,1.2956999999999999,0.5402856399999998,33,0.46790000000000015
81.34999999999937,14.25000000000054,4.400000000000091,18.89,1.2956999999999999,0.5402856399999998,100,0.43709999999999977
81.34999999999937,14.25000000000054,4.400000000000091,18.89,1.2956999999999999,0.5402856399999998,1500,0.3875999999999999
83.30000000000015,12.9999999999999,3.699999999999946,18.15,1.2716,0.5470560800000003,6,0.5193000000000001
83.30000000000015,12.9999999999999,3.699999999999946,18.15,1.2716,0.5470560800000003,10,0.5018000000000001
83.30000000000015,12.9999999999999,3.699999999999946,18.15,1.2716,0.5470560800000003,33,0.4644
83.30000000000015,12.9999999999999,3.699999999999946,18.15,1.2716,0.5470560800000003,100,0.43310000000000004
83.30000000000015,12.9999999999999,3.699999999999946,18.15,1.2716,0.5470560800000003,1500,0.39800000000000013
78.59999999999867,13.100000000001444,8.299999999999883,12.66,1.1909999999999998,0.5791006000000002,6,0.5099
78.59999999999867,13.100000000001444,8.299999999999883,12.66,1.1909999999999998,0.5791006000000002,10,0.4937999999999999
78.59999999999867,13.100000000001444,8.299999999999883,12.66,1.1909999999999998,0.5791006000000002,33,0.46780000000000027
78.59999999999867,13.100000000001444,8.299999999999883,12.66,1.1909999999999998,0.5791006000000002,100,0.4443999999999999
78.59999999999867,13.100000000001444,8.299999999999883,12.66,1.1909999999999998,0.5791006000000002,1500,0.41069999999999984
79.50000000000013,12.900000000000134,7.5999999999997385,12.31,1.1629000000000003,0.58763566,6,0.4739000000000002
79.50000000000013,12.900000000000134,7.5999999999997385,12.31,1.1629000000000003,0.58763566,10,0.4687999999999998
79.50000000000013,12.900000000000134,7.5999999999997385,12.31,1.1629000000000003,0.58763566,33,0.44379999999999975
79.50000000000013,12.900000000000134,7.5999999999997385,12.31,1.1629000000000003,0.58763566,100,0.4159000000000001
79.50000000000013,12.900000000000134,7.5999999999997385,12.31,1.1629000000000003,0.58763566,1500,0.3885999999999999
80.79999999999887,16.800000000001702,2.399999999999423,17.1,1.1641,0.5827865600000001,6,0.4704000000000002
80.79999999999887,16.800000000001702,2.399999999999423,17.1,1.1641,0.5827865600000001,10,0.4610000000000002
80.79999999999887,16.800000000001702,2.399999999999423,17.1,1.1641,0.5827865600000001,33,0.41279999999999994
80.79999999999887,16.800000000001702,2.399999999999423,17.1,1.1641,0.5827865600000001,100,0.3883000000000001
80.79999999999887,16.800000000001702,2.399999999999423,17.1,1.1641,0.5827865600000001,1500,0.34910000000000024
81.70000000000033,16.84999999999981,1.4499999999998607,14.72,1.2583,0.5490252800000001,6,0.4957
81.70000000000033,16.84999999999981,1.4499999999998607,14.72,1.2583,0.5490252800000001,10,0.4890000000000004
81.70000000000033,16.84999999999981,1.4499999999998607,14.72,1.2583,0.5490252800000001,33,0.44819999999999993
81.70000000000033,16.84999999999981,1.4499999999998607,14.72,1.2583,0.5490252800000001,100,0.4274000000000001
81.70000000000033,16.84999999999981,1.4499999999998607,14.72,1.2583,0.5490252800000001,1500,0.39310000000000006
83.10000000000062,14.999999999998792,1.9000000000005883,12.66,1.2610999999999999,0.5477695400000002,6,0.5148999999999997
83.10000000000062,14.999999999998792,1.9000000000005883,12.66,1.2610999999999999,0.5477695400000002,10,0.5105999999999997
83.10000000000062,14.999999999998792,1.9000000000005883,12.66,1.2610999999999999,0.5477695400000002,33,0.46489999999999976
83.10000000000062,14.999999999998792,1.9000000000005883,12.66,1.2610999999999999,0.5477695400000002,100,0.4363000000000002
83.10000000000062,14.999999999998792,1.9000000000005883,12.66,1.2610999999999999,0.5477695400000002,1500,0.3990999999999999
82.64999999999989,12.050000000000338,5.29999999999977,7.09,1.1474000000000002,0.5908371599999996,6,0.4917000000000002
82.64999999999989,12.050000000000338,5.29999999999977,7.09,1.1474000000000002,0.5908371599999996,10,0.47969999999999974
82.64999999999989,12.050000000000338,5.29999999999977,7.09,1.1474000000000002,0.5908371599999996,33,0.46819999999999995
82.64999999999989,12.050000000000338,5.29999999999977,7.09,1.1474000000000002,0.5908371599999996,100,0.4463999999999999
82.64999999999989,12.050000000000338,5.29999999999977,7.09,1.1474000000000002,0.5908371599999996,1500,0.4172999999999999
82.74999999999966,15.249999999999986,2.0000000000003553,17.45,1.1539,0.58644224,6,0.4777000000000004
82.74999999999966,15.249999999999986,2.0000000000003553,17.45,1.1539,0.58644224,10,0.46870000000000006
82.74999999999966,15.249999999999986,2.0000000000003553,17.45,1.1539,0.58644224,33,0.40569999999999995
82.74999999999966,15.249999999999986,2.0000000000003553,17.45,1.1539,0.58644224,100,0.3747
82.74999999999966,15.249999999999986,2.0000000000003553,17.45,1.1539,0.58644224,1500,0.33790000000000026
82.64999999999989,15.95000000000013,1.3999999999999773,14.99,1.2956999999999999,0.5363985399999996,6,0.48789999999999983
82.64999999999989,15.95000000000013,1.3999999999999773,14.99,1.2956999999999999,0.5363985399999996,10,0.4835999999999997
82.64999999999989,15.95000000000013,1.3999999999999773,14.99,1.2956999999999999,0.5363985399999996,33,0.45309999999999967
82.64999999999989,15.95000000000013,1.3999999999999773,14.99,1.2956999999999999,0.5363985399999996,100,0.4296
82.64999999999989,15.95000000000013,1.3999999999999773,14.99,1.2956999999999999,0.5363985399999996,1500,0.4027
79.75000000000132,14.04999999999923,6.199999999999449,12.62,1.3472000000000002,0.5190495999999999,6,0.5046999999999999
79.75000000000132,14.04999999999923,6.199999999999449,12.62,1.3472000000000002,0.5190495999999999,10,0.49890000000000007
79.75000000000132,14.04999999999923,6.199999999999449,12.62,1.3472000000000002,0.5190495999999999,33,0.47150000000000003
79.75000000000132,14.04999999999923,6.199999999999449,12.62,1.3472000000000002,0.5190495999999999,100,0.44629999999999964
79.75000000000132,14.04999999999923,6.199999999999449,12.62,1.3472000000000002,0.5190495999999999,1500,0.4134
78.4500000000008,13.649999999998386,7.900000000000816,8.25,1.2465000000000002,0.561232,6,0.5063999999999999
78.4500000000008,13.649999999998386,7.900000000000816,8.25,1.2465000000000002,0.561232,10,0.4996999999999997
78.4500000000008,13.649999999998386,7.900000000000816,8.25,1.2465000000000002,0.561232,33,0.49009999999999987
78.4500000000008,13.649999999998386,7.900000000000816,8.25,1.2465000000000002,0.561232,100,0.46550000000000014
78.4500000000008,13.649999999998386,7.900000000000816,8.25,1.2465000000000002,0.561232,1500,0.43610000000000015
78.39999999999914,15.50000000000118,6.099999999999682,17.33,1.2818,0.5454737200000002,6,0.4927999999999998
78.39999999999914,15.50000000000118,6.099999999999682,17.33,1.2818,0.5454737200000002,10,0.47469999999999984
78.39999999999914,15.50000000000118,6.099999999999682,17.33,1.2818,0.5454737200000002,33,0.4507
78.39999999999914,15.50000000000118,6.099999999999682,17.33,1.2818,0.5454737200000002,100,0.42010000000000003
78.39999999999914,15.50000000000118,6.099999999999682,17.33,1.2818,0.5454737200000002,1500,0.37850000000000034
76.59999999999978,13.650000000000162,9.750000000000057,14.18,1.3315000000000001,0.5294478999999996,6,0.4763999999999999
76.59999999999978,13.650000000000162,9.750000000000057,14.18,1.3315000000000001,0.5294478999999996,10,0.4699000000000001
76.59999999999978,13.650000000000162,9.750000000000057,14.18,1.3315000000000001,0.5294478999999996,33,0.4575
76.59999999999978,13.650000000000162,9.750000000000057,14.18,1.3315000000000001,0.5294478999999996,100,0.44530000000000036
76.59999999999978,13.650000000000162,9.750000000000057,14.18,1.3315000000000001,0.5294478999999996,1500,0.42220000000000035
80.34999999999992,11.200000000000543,8.449999999999534,13.51,1.3056999999999999,0.5364765,6,0.5085000000000001
80.34999999999992,11.200000000000543,8.449999999999534,13.51,1.3056999999999999,0.5364765,10,0.49939999999999984
80.34999999999992,11.200000000000543,8.449999999999534,13.51,1.3056999999999999,0.5364765,33,0.4736999999999999
80.34999999999992,11.200000000000543,8.449999999999534,13.51,1.3056999999999999,0.5364765,100,0.44720000000000015
80.34999999999992,11.200000000000543,8.449999999999534,13.51,1.3056999999999999,0.5364765,1500,0.41960000000000025
82.19999999999916,12.400000000001299,5.399999999999537,9.62,1.163,0.5889958000000002,6,0.47160000000000024
82.19999999999916,12.400000000001299,5.399999999999537,9.62,1.163,0.5889958000000002,10,0.4633999999999997
82.19999999999916,12.400000000001299,5.399999999999537,9.62,1.163,0.5889958000000002,33,0.44449999999999984
82.19999999999916,12.400000000001299,5.399999999999537,9.62,1.163,0.5889958000000002,100,0.4234999999999999
82.19999999999916,12.400000000001299,5.399999999999537,9.62,1.163,0.5889958000000002,1500,0.40520000000000006
78.20000000000138,13.999999999999346,7.799999999999272,8.76,1.1888999999999998,0.5841227800000004,6,0.48470000000000024
78.20000000000138,13.999999999999346,7.799999999999272,8.76,1.1888999999999998,0.5841227800000004,10,0.4779000000000002
78.20000000000138,13.999999999999346,7.799999999999272,8.76,1.1888999999999998,0.5841227800000004,33,0.43470000000000025
78.20000000000138,13.999999999999346,7.799999999999272,8.76,1.1888999999999998,0.5841227800000004,100,0.4011000000000001
78.20000000000138,13.999999999999346,7.799999999999272,8.76,1.1888999999999998,0.5841227800000004,1500,0.3717000000000002
80.34999999999992,12.600000000000833,7.049999999999244,10.32,1.2736,0.5572966400000001,6,0.4761999999999999
80.34999999999992,12.600000000000833,7.049999999999244,10.32,1.2736,0.5572966400000001,10,0.47230000000000005
80.34999999999992,12.600000000000833,7.049999999999244,10.32,1.2736,0.5572966400000001,33,0.4394000000000004
80.34999999999992,12.600000000000833,7.049999999999244,10.32,1.2736,0.5572966400000001,100,0.4123
80.34999999999992,12.600000000000833,7.049999999999244,10.32,1.2736,0.5572966400000001,1500,0.38250000000000034
81.60000000000056,12.55000000000095,5.849999999998488,11.49,1.3315000000000001,0.5377032000000003,6,0.5054999999999998
81.60000000000056,12.55000000000095,5.849999999998488,11.49,1.3315000000000001,0.5377032000000003,10,0.49539999999999995
81.60000000000056,12.55000000000095,5.849999999998488,11.49,1.3315000000000001,0.5377032000000003,33,0.4727000000000001
81.60000000000056,12.55000000000095,5.849999999998488,11.49,1.3315000000000001,0.5377032000000003,100,0.44640000000000013
81.60000000000056,12.55000000000095,5.849999999998488,11.49,1.3315000000000001,0.5377032000000003,1500,0.4177000000000001
81.00000000000018,14.650000000001384,4.349999999998431,8.29,1.0876000000000001,0.6197750399999997,6,0.45890000000000025
81.00000000000018,14.650000000001384,4.349999999998431,8.29,1.0876000000000001,0.6197750399999997,10,0.44850000000000034
81.00000000000018,14.650000000001384,4.349999999998431,8.29,1.0876000000000001,0.6197750399999997,33,0.42440000000000033
81.00000000000018,14.650000000001384,4.349999999998431,8.29,1.0876000000000001,0.6197750399999997,100,0.4035000000000003
81.00000000000018,14.650000000001384,4.349999999998431,8.29,1.0876000000000001,0.6197750399999997,1500,0.3795000000000002
79.50000000000013,15.050000000000452,5.44999999999942,19.4,1.1790000000000003,0.5847562000000002,6,0.501
79.50000000000013,15.050000000000452,5.44999999999942,19.4,1.1790000000000003,0.5847562000000002,10,0.48319999999999963
79.50000000000013,15.050000000000452,5.44999999999942,19.4,1.1790000000000003,0.5847562000000002,33,0.43229999999999996
79.50000000000013,15.050000000000452,5.44999999999942,19.4,1.1790000000000003,0.5847562000000002,100,0.39679999999999976
79.50000000000013,15.050000000000452,5.44999999999942,19.4,1.1790000000000003,0.5847562000000002,1500,0.3650999999999999
80.44999999999969,12.900000000000134,6.650000000000176,14.61,1.2913,0.5452041400000003,6,0.48389999999999983
80.44999999999969,12.900000000000134,6.650000000000176,14.61,1.2913,0.5452041400000003,10,0.4701999999999998
80.44999999999969,12.900000000000134,6.650000000000176,14.61,1.2913,0.5452041400000003,33,0.4468000000000001
80.44999999999969,12.900000000000134,6.650000000000176,14.61,1.2913,0.5452041400000003,100,0.41889999999999983
80.44999999999969,12.900000000000134,6.650000000000176,14.61,1.2913,0.5452041400000003,1500,0.39180000000000004
79.84999999999931,14.550000000001617,5.599999999999071,12.54,1.2669000000000001,0.5535444400000002,6,0.5041999999999996
79.84999999999931,14.550000000001617,5.599999999999071,12.54,1.2669000000000001,0.5535444400000002,10,0.4999000000000001
79.84999999999931,14.550000000001617,5.599999999999071,12.54,1.2669000000000001,0.5535444400000002,33,0.4612000000000001
79.84999999999931,14.550000000001617,5.599999999999071,12.54,1.2669000000000001,0.5535444400000002,100,0.43659999999999977
79.84999999999931,14.550000000001617,5.599999999999071,12.54,1.2669000000000001,0.5535444400000002,1500,0.4144999999999999
80.69999999999911,13.300000000000978,5.999999999999915,11.1,1.2072,0.5740998399999997,6,0.49730000000000013
80.69999999999911,13.300000000000978,5.999999999999915,11.1,1.2072,0.5740998399999997,10,0.4831999999999999
80.69999999999911,13.300000000000978,5.999999999999915,11.1,1.2072,0.5740998399999997,33,0.4637
80.69999999999911,13.300000000000978,5.999999999999915,11.1,1.2072,0.5740998399999997,100,0.4380000000000001
80.69999999999911,13.300000000000978,5.999999999999915,11.1,1.2072,0.5740998399999997,1500,0.3990999999999997
78.50000000000068,15.649999999999054,5.850000000000264,18.93,1.128,0.6022672,6,0.4775999999999999
78.50000000000068,15.649999999999054,5.850000000000264,18.93,1.128,0.6022672,10,0.46740000000000004
78.50000000000068,15.649999999999054,5.850000000000264,18.93,1.128,0.6022672,33,0.4067000000000001
78.50000000000068,15.649999999999054,5.850000000000264,18.93,1.128,0.6022672,100,0.3705000000000001
78.50000000000068,15.649999999999054,5.850000000000264,18.93,1.128,0.6022672,1500,0.34159999999999996
78.89999999999975,15.44999999999952,5.65000000000073,13.745,1.2683000000000002,0.5545730399999999,6,0.4974999999999998
78.89999999999975,15.44999999999952,5.65000000000073,13.745,1.2683000000000002,0.5545730399999999,10,0.4784999999999999
78.89999999999975,15.44999999999952,5.65000000000073,13.745,1.2683000000000002,0.5545730399999999,33,0.4391999999999999
78.89999999999975,15.44999999999952,5.65000000000073,13.745,1.2683000000000002,0.5545730399999999,100,0.40859999999999985
78.89999999999975,15.44999999999952,5.65000000000073,13.745,1.2683000000000002,0.5545730399999999,1500,0.38150000000000006
81.5499999999989,13.250000000001094,5.200000000000003,11.49,1.247,0.5583125999999997,6,0.4861999999999998
81.5499999999989,13.250000000001094,5.200000000000003,11.49,1.247,0.5583125999999997,10,0.4822000000000001
81.5499999999989,13.250000000001094,5.200000000000003,11.49,1.247,0.5583125999999997,33,0.44689999999999974
81.5499999999989,13.250000000001094,5.200000000000003,11.49,1.247,0.5583125999999997,100,0.4217999999999998
81.5499999999989,13.250000000001094,5.200000000000003,11.49,1.247,0.5583125999999997,1500,0.3975999999999997
79.95000000000086,14.350000000000307,5.6999999999988376,4.79,1.1282,0.60219668,6,0.46990000000000015
79.95000000000086,14.350000000000307,5.6999999999988376,4.79,1.1282,0.60219668,10,0.4424000000000001
79.95000000000086,14.350000000000307,5.6999999999988376,4.79,1.1282,0.60219668,33,0.4185
79.95000000000086,14.350000000000307,5.6999999999988376,4.79,1.1282,0.60219668,100,0.39480000000000026
79.95000000000086,14.350000000000307,5.6999999999988376,4.79,1.1282,0.60219668,1500,0.3708000000000002
80.04999999999885,15.250000000001762,4.699999999999392,19.51,1.1859,0.5799542199999999,6,0.4747
80.04999999999885,15.250000000001762,4.699999999999392,19.51,1.1859,0.5799542199999999,10,0.4622999999999999
80.04999999999885,15.250000000001762,4.699999999999392,19.51,1.1859,0.5799542199999999,33,0.40460000000000007
80.04999999999885,15.250000000001762,4.699999999999392,19.51,1.1859,0.5799542199999999,100,0.3734
80.04999999999885,15.250000000001762,4.699999999999392,19.51,1.1859,0.5799542199999999,1500,0.33599999999999997
80.90000000000042,13.89999999999958,5.200000000000003,17.06,1.2228999999999999,0.5653813399999998,6,0.4680000000000001
80.90000000000042,13.89999999999958,5.200000000000003,17.06,1.2228999999999999,0.5653813399999998,10,0.46019999999999983
80.90000000000042,13.89999999999958,5.200000000000003,17.06,1.2228999999999999,0.5653813399999998,33,0.42310000000000003
80.90000000000042,13.89999999999958,5.200000000000003,17.06,1.2228999999999999,0.5653813399999998,100,0.3987
80.90000000000042,13.89999999999958,5.200000000000003,17.06,1.2228999999999999,0.5653813399999998,1500,0.3587
81.09999999999995,13.349999999999085,5.5500000000009635,15.5,1.2455,0.5590930000000001,6,0.48200000000000015
81.09999999999995,13.349999999999085,5.5500000000009635,15.5,1.2455,0.5590930000000001,10,0.47770000000000007
81.09999999999995,13.349999999999085,5.5500000000009635,15.5,1.2455,0.5590930000000001,33,0.44369999999999976
81.09999999999995,13.349999999999085,5.5500000000009635,15.5,1.2455,0.5590930000000001,100,0.4067999999999998
81.09999999999995,13.349999999999085,5.5500000000009635,15.5,1.2455,0.5590930000000001,1500,0.3693999999999997
83.4499999999998,11.400000000000077,5.150000000000119,13.05,1.1249,0.6058350399999999,6,0.4729
83.4499999999998,11.400000000000077,5.150000000000119,13.05,1.1249,0.6058350399999999,10,0.4664000000000002
83.4499999999998,11.400000000000077,5.150000000000119,13.05,1.1249,0.6058350399999999,33,0.43860000000000016
83.4499999999998,11.400000000000077,5.150000000000119,13.05,1.1249,0.6058350399999999,100,0.41280000000000006
83.4499999999998,11.400000000000077,5.150000000000119,13.05,1.1249,0.6058350399999999,1500,0.3829000000000002
79.44999999999847,16.100000000001558,4.449999999999974,21.5,1.1216,0.6022806400000001,6,0.46029999999999965
79.44999999999847,16.100000000001558,4.449999999999974,21.5,1.1216,0.6022806400000001,10,0.44849999999999984
79.44999999999847,16.100000000001558,4.449999999999974,21.5,1.1216,0.6022806400000001,33,0.3870999999999997
79.44999999999847,16.100000000001558,4.449999999999974,21.5,1.1216,0.6022806400000001,100,0.3739999999999997
79.44999999999847,16.100000000001558,4.449999999999974,21.5,1.1216,0.6022806400000001,1500,0.3155999999999997
79.95000000000086,15.050000000000452,4.999999999998693,17.84,1.2040999999999997,0.5754343400000002,6,0.46590000000000026
79.95000000000086,15.050000000000452,4.999999999998693,17.84,1.2040999999999997,0.5754343400000002,10,0.4631
79.95000000000086,15.050000000000452,4.999999999998693,17.84,1.2040999999999997,0.5754343400000002,33,0.4286000000000001
79.95000000000086,15.050000000000452,4.999999999998693,17.84,1.2040999999999997,0.5754343400000002,100,0.3991000000000002
79.95000000000086,15.050000000000452,4.999999999998693,17.84,1.2040999999999997,0.5754343400000002,1500,0.3722
80.74999999999899,14.250000000002316,4.999999999998693,13.67,1.3213,0.5364879599999997,6,0.4970999999999998
80.74999999999899,14.250000000002316,4.999999999998693,13.67,1.3213,0.5364879599999997,10,0.5091000000000002
80.74999999999899,14.250000000002316,4.999999999998693,13.67,1.3213,0.5364879599999997,33,0.48420000000000013
80.74999999999899,14.250000000002316,4.999999999998693,13.67,1.3213,0.5364879599999997,100,0.4531
80.74999999999899,14.250000000002316,4.999999999998693,13.67,1.3213,0.5364879599999997,1500,0.4244999999999999
81.14999999999984,15.499999999999403,3.3500000000007617,12.31,1.2431999999999999,0.5621449599999997,6,0.43789999999999984
81.14999999999984,15.499999999999403,3.3500000000007617,12.31,1.2431999999999999,0.5621449599999997,10,0.42899999999999994
81.14999999999984,15.499999999999403,3.3500000000007617,12.31,1.2431999999999999,0.5621449599999997,33,0.42789999999999984
81.14999999999984,15.499999999999403,3.3500000000007617,12.31,1.2431999999999999,0.5621449599999997,100,0.4215999999999999
81.14999999999984,15.499999999999403,3.3500000000007617,12.31,1.2431999999999999,0.5621449599999997,1500,0.3996999999999999
81.09999999999995,13.150000000001327,5.749999999998721,15.23,1.2238,0.5687328799999999,6,0.46859999999999985
81.09999999999995,13.150000000001327,5.749999999998721,15.23,1.2238,0.5687328799999999,10,0.4551000000000001
81.09999999999995,13.150000000001327,5.749999999998721,15.23,1.2238,0.5687328799999999,33,0.4423999999999998
81.09999999999995,13.150000000001327,5.749999999998721,15.23,1.2238,0.5687328799999999,100,0.40640000000000015
81.09999999999995,13.150000000001327,5.749999999998721,15.23,1.2238,0.5687328799999999,1500,0.37650000000000006
80.1000000000005,13.099999999999667,6.799999999999827,23.14,1.2985000000000002,0.5387728,6,0.46170000000000017
80.1000000000005,13.099999999999667,6.799999999999827,23.14,1.2985000000000002,0.5387728,10,0.4534999999999997
80.1000000000005,13.099999999999667,6.799999999999827,23.14,1.2985000000000002,0.5387728,33,0.44339999999999974
80.1000000000005,13.099999999999667,6.799999999999827,23.14,1.2985000000000002,0.5387728,100,0.4177999999999997
80.1000000000005,13.099999999999667,6.799999999999827,23.14,1.2985000000000002,0.5387728,1500,0.3844999999999999
81.5000000000008,10.94999999999935,7.549999999999855,17.64,1.3344,0.52602112,6,0.47019999999999984
81.5000000000008,10.94999999999935,7.549999999999855,17.64,1.3344,0.52602112,10,0.45839999999999975
81.5000000000008,10.94999999999935,7.549999999999855,17.64,1.3344,0.52602112,33,0.45199999999999996
81.5000000000008,10.94999999999935,7.549999999999855,17.64,1.3344,0.52602112,100,0.4438999999999999
81.5000000000008,10.94999999999935,7.549999999999855,17.64,1.3344,0.52602112,1500,0.41019999999999984
81.8000000000001,11.950000000000571,6.249999999999332,15.77,1.3420999999999998,0.5259702800000001,6,0.34250000000000025
81.8000000000001,11.950000000000571,6.249999999999332,15.77,1.3420999999999998,0.5259702800000001,10,0.4946000000000001
81.8000000000001,11.950000000000571,6.249999999999332,15.77,1.3420999999999998,0.5259702800000001,33,0.4790000000000001
81.8000000000001,11.950000000000571,6.249999999999332,15.77,1.3420999999999998,0.5259702800000001,100,0.4553999999999999
81.8000000000001,11.950000000000571,6.249999999999332,15.77,1.3420999999999998,0.5259702800000001,1500,0.4316
80.80000000000065,12.050000000000338,7.149999999999011,22.67,1.2177000000000002,0.5664988000000001,6,0.47999999999999976
80.80000000000065,12.050000000000338,7.149999999999011,22.67,1.2177000000000002,0.5664988000000001,10,0.47970000000000007
80.80000000000065,12.050000000000338,7.149999999999011,22.67,1.2177000000000002,0.5664988000000001,33,0.4259000000000001
80.80000000000065,12.050000000000338,7.149999999999011,22.67,1.2177000000000002,0.5664988000000001,100,0.3869
80.80000000000065,12.050000000000338,7.149999999999011,22.67,1.2177000000000002,0.5664988000000001,1500,0.35090000000000005
82.6,11.100000000000776,6.299999999999216,16.4,1.3419999999999999,0.5270792,6,0.48039999999999994
82.6,11.100000000000776,6.299999999999216,16.4,1.3419999999999999,0.5270792,10,0.47090000000000004
82.6,11.100000000000776,6.299999999999216,16.4,1.3419999999999999,0.5270792,33,0.45969999999999994
82.6,11.100000000000776,6.299999999999216,16.4,1.3419999999999999,0.5270792,100,0.4325000000000003
82.6,11.100000000000776,6.299999999999216,16.4,1.3419999999999999,0.5270792,1500,0.4075000000000003
82.55000000000013,10.19999999999932,7.250000000000554,16.09,1.3022,0.5403233999999999,6,0.49059999999999976
82.55000000000013,10.19999999999932,7.250000000000554,16.09,1.3022,0.5403233999999999,10,0.4815000000000001
82.55000000000013,10.19999999999932,7.250000000000554,16.09,1.3022,0.5403233999999999,33,0.4505999999999997
82.55000000000013,10.19999999999932,7.250000000000554,16.09,1.3022,0.5403233999999999,100,0.4242999999999998
82.55000000000013,10.19999999999932,7.250000000000554,16.09,1.3022,0.5403233999999999,1500,0.39229999999999987
78.65000000000033,12.950000000000017,8.39999999999965,12.97,1.2618,0.5515562799999998,6,0.4816999999999996
78.65000000000033,12.950000000000017,8.39999999999965,12.97,1.2618,0.5515562799999998,10,0.4788999999999999
78.65000000000033,12.950000000000017,8.39999999999965,12.97,1.2618,0.5515562799999998,33,0.47870000000000007
78.65000000000033,12.950000000000017,8.39999999999965,12.97,1.2618,0.5515562799999998,100,0.47169999999999956
78.65000000000033,12.950000000000017,8.39999999999965,12.97,1.2618,0.5515562799999998,1500,0.4428999999999996
76.35000000000036,14.54999999999984,9.099999999999795,20.8,1.2672,0.5476096000000004,6,0.4806
76.35000000000036,14.54999999999984,9.099999999999795,20.8,1.2672,0.5476096000000004,10,0.47120000000000006
76.35000000000036,14.54999999999984,9.099999999999795,20.8,1.2672,0.5476096000000004,33,0.4304000000000002
76.35000000000036,14.54999999999984,9.099999999999795,20.8,1.2672,0.5476096000000004,100,0.39100000000000024
76.35000000000036,14.54999999999984,9.099999999999795,20.8,1.2672,0.5476096000000004,1500,0.35750000000000004
79.64999999999978,14.19999999999888,6.1500000000013415,17.18,1.3269,0.5297466399999999,6,0.4723999999999999
79.64999999999978,14.19999999999888,6.1500000000013415,17.18,1.3269,0.5297466399999999,10,0.47750000000000037
79.64999999999978,14.19999999999888,6.1500000000013415,17.18,1.3269,0.5297466399999999,33,0.4516000000000001
79.64999999999978,14.19999999999888,6.1500000000013415,17.18,1.3269,0.5297466399999999,100,0.42330000000000023
79.64999999999978,14.19999999999888,6.1500000000013415,17.18,1.3269,0.5297466399999999,1500,0.4034000000000001
81.49999999999902,13.600000000000279,4.900000000000702,12.97,1.3149000000000002,0.5437297000000001,6,0.5171000000000001
81.49999999999902,13.600000000000279,4.900000000000702,12.97,1.3149000000000002,0.5437297000000001,10,0.5181999999999997
81.49999999999902,13.600000000000279,4.900000000000702,12.97,1.3149000000000002,0.5437297000000001,33,0.48669999999999985
81.49999999999902,13.600000000000279,4.900000000000702,12.97,1.3149000000000002,0.5437297000000001,100,0.461
81.49999999999902,13.600000000000279,4.900000000000702,12.97,1.3149000000000002,0.5437297000000001,1500,0.4293999999999997
81.45000000000091,12.29999999999798,6.2500000000011084,6.89,1.1732,0.5844525599999998,6,0.4887000000000001
81.45000000000091,12.29999999999798,6.2500000000011084,6.89,1.1732,0.5844525599999998,10,0.4843000000000001
81.45000000000091,12.29999999999798,6.2500000000011084,6.89,1.1732,0.5844525599999998,33,0.45790000000000025
81.45000000000091,12.29999999999798,6.2500000000011084,6.89,1.1732,0.5844525599999998,100,0.42769999999999986
81.45000000000091,12.29999999999798,6.2500000000011084,6.89,1.1732,0.5844525599999998,1500,0.3961000000000002
79.70000000000144,14.40000000000019,5.899999999998371,16.24,1.2021,0.5754182800000001,6,0.46969999999999995
79.70000000000144,14.40000000000019,5.899999999998371,16.24,1.2021,0.5754182800000001,10,0.45859999999999984
79.70000000000144,14.40000000000019,5.899999999998371,16.24,1.2021,0.5754182800000001,33,0.4058000000000001
79.70000000000144,14.40000000000019,5.899999999998371,16.24,1.2021,0.5754182800000001,100,0.3672999999999999
79.70000000000144,14.40000000000019,5.899999999998371,16.24,1.2021,0.5754182800000001,1500,0.33299999999999985
80.3999999999998,12.950000000000017,6.650000000000176,13.32,1.4084000000000003,0.4957927999999996,6,0.4489999999999999
80.3999999999998,12.950000000000017,6.650000000000176,13.32,1.4084000000000003,0.4957927999999996,10,0.4484999999999998
80.3999999999998,12.950000000000017,6.650000000000176,13.32,1.4084000000000003,0.4957927999999996,33,0.4300000000000001
80.3999999999998,12.950000000000017,6.650000000000176,13.32,1.4084000000000003,0.4957927999999996,100,0.45370000000000016
80.3999999999998,12.950000000000017,6.650000000000176,13.32,1.4084000000000003,0.4957927999999996,1500,0.4232
78.14999999999972,15.200000000000102,6.650000000000176,10.36,1.3114,0.5347152800000002,6,0.4854000000000002
78.14999999999972,15.200000000000102,6.650000000000176,10.36,1.3114,0.5347152800000002,10,0.4799000000000001
78.14999999999972,15.200000000000102,6.650000000000176,10.36,1.3114,0.5347152800000002,33,0.4479000000000002
78.14999999999972,15.200000000000102,6.650000000000176,10.36,1.3114,0.5347152800000002,100,0.4212
78.14999999999972,15.200000000000102,6.650000000000176,10.36,1.3114,0.5347152800000002,1500,0.3875999999999999
79.3000000000006,14.799999999999258,5.900000000000148,8.68,1.2711,0.5479968399999999,6,0.5065
79.3000000000006,14.799999999999258,5.900000000000148,8.68,1.2711,0.5479968399999999,10,0.5015999999999998
79.3000000000006,14.799999999999258,5.900000000000148,8.68,1.2711,0.5479968399999999,33,0.479
79.3000000000006,14.799999999999258,5.900000000000148,8.68,1.2711,0.5479968399999999,100,0.45239999999999975
79.3000000000006,14.799999999999258,5.900000000000148,8.68,1.2711,0.5479968399999999,1500,0.41950000000000004
79.8999999999992,14.10000000000089,5.999999999999915,17.37,1.1081,0.6008623799999999,6,0.4463999999999999
79.8999999999992,14.10000000000089,5.999999999999915,17.37,1.1081,0.6008623799999999,10,0.4337000000000001
79.8999999999992,14.10000000000089,5.999999999999915,17.37,1.1081,0.6008623799999999,33,0.38120000000000004
79.8999999999992,14.10000000000089,5.999999999999915,17.37,1.1081,0.6008623799999999,100,0.3450999999999999
79.8999999999992,14.10000000000089,5.999999999999915,17.37,1.1081,0.6008623799999999,1500,0.3065000000000001
80.69999999999911,14.499999999999957,4.800000000000935,14.14,1.3557,0.5165573800000002,6,0.49060000000000004
80.69999999999911,14.499999999999957,4.800000000000935,14.14,1.3557,0.5165573800000002,10,0.485
80.69999999999911,14.499999999999957,4.800000000000935,14.14,1.3557,0.5165573800000002,33,0.4681
80.69999999999911,14.499999999999957,4.800000000000935,14.14,1.3557,0.5165573800000002,100,0.43810000000000004
80.69999999999911,14.499999999999957,4.800000000000935,14.14,1.3557,0.5165573800000002,1500,0.41069999999999995
81.09999999999995,14.000000000001123,4.899999999998926,10.4,1.3615999999999997,0.5169043199999999,6,0.49739999999999984
81.09999999999995,14.000000000001123,4.899999999998926,10.4,1.3615999999999997,0.5169043199999999,10,0.5047999999999999
81.09999999999995,14.000000000001123,4.899999999998926,10.4,1.3615999999999997,0.5169043199999999,33,0.47950000000000015
81.09999999999995,14.000000000001123,4.899999999998926,10.4,1.3615999999999997,0.5169043199999999,100,0.45330000000000015
81.09999999999995,14.000000000001123,4.899999999998926,10.4,1.3615999999999997,0.5169043199999999,1500,0.42349999999999993
83.35000000000004,13.300000000000978,3.3499999999989853,7.83,1.3128999999999997,0.5333953400000003,6,0.4883000000000001
83.35000000000004,13.300000000000978,3.3499999999989853,7.83,1.3128999999999997,0.5333953400000003,10,0.49620000000000036
83.35000000000004,13.300000000000978,3.3499999999989853,7.83,1.3128999999999997,0.5333953400000003,33,0.4837000000000004
83.35000000000004,13.300000000000978,3.3499999999989853,7.83,1.3128999999999997,0.5333953400000003,100,0.4615000000000001
83.35000000000004,13.300000000000978,3.3499999999989853,7.83,1.3128999999999997,0.5333953400000003,1500,0.4322999999999999
78.7500000000001,16.55000000000051,4.699999999999392,16.75,1.1684,0.5828811999999999,6,0.4655999999999997
78.7500000000001,16.55000000000051,4.699999999999392,16.75,1.1684,0.5828811999999999,10,0.45770000000000005
78.7500000000001,16.55000000000051,4.699999999999392,16.75,1.1684,0.5828811999999999,33,0.4029999999999998
78.7500000000001,16.55000000000051,4.699999999999392,16.75,1.1684,0.5828811999999999,100,0.3627000000000001
78.7500000000001,16.55000000000051,4.699999999999392,16.75,1.1684,0.5828811999999999,1500,0.33049999999999985
82.34999999999881,14.750000000001151,2.900000000000034,11.68,1.3855000000000002,0.5092559000000002,6,0.4899999999999997
82.34999999999881,14.750000000001151,2.900000000000034,11.68,1.3855000000000002,0.5092559000000002,10,0.5001000000000002
82.34999999999881,14.750000000001151,2.900000000000034,11.68,1.3855000000000002,0.5092559000000002,33,0.47840000000000005
82.34999999999881,14.750000000001151,2.900000000000034,11.68,1.3855000000000002,0.5092559000000002,100,0.4517999999999998
82.34999999999881,14.750000000001151,2.900000000000034,11.68,1.3855000000000002,0.5092559000000002,1500,0.41590000000000005
80.650000000001,15.249999999999986,4.099999999999014,12.03,1.3325,0.5277620000000004,6,0.5006
80.650000000001,15.249999999999986,4.099999999999014,12.03,1.3325,0.5277620000000004,10,0.5021999999999998
80.650000000001,15.249999999999986,4.099999999999014,12.03,1.3325,0.5277620000000004,33,0.4721999999999997
80.650000000001,15.249999999999986,4.099999999999014,12.03,1.3325,0.5277620000000004,100,0.4525999999999999
80.650000000001,15.249999999999986,4.099999999999014,12.03,1.3325,0.5277620000000004,1500,0.41959999999999975
76.99999999999885,15.150000000000219,7.850000000000932,8.22,1.2292999999999998,0.5645819399999998,6,0.47770000000000007
76.99999999999885,15.150000000000219,7.850000000000932,8.22,1.2292999999999998,0.5645819399999998,10,0.4717999999999998
76.99999999999885,15.150000000000219,7.850000000000932,8.22,1.2292999999999998,0.5645819399999998,33,0.46830000000000005
76.99999999999885,15.150000000000219,7.850000000000932,8.22,1.2292999999999998,0.5645819399999998,100,0.45130000000000026
76.99999999999885,15.150000000000219,7.850000000000932,8.22,1.2292999999999998,0.5645819399999998,1500,0.4173999999999998
76.15000000000083,16.949999999999577,6.899999999999594,17.22,1.2801999999999998,0.5419444400000002,6,0.4939999999999998
76.15000000000083,16.949999999999577,6.899999999999594,17.22,1.2801999999999998,0.5419444400000002,10,0.48149999999999976
76.15000000000083,16.949999999999577,6.899999999999594,17.22,1.2801999999999998,0.5419444400000002,33,0.4327999999999997
76.15000000000083,16.949999999999577,6.899999999999594,17.22,1.2801999999999998,0.5419444400000002,100,0.4104000000000002
76.15000000000083,16.949999999999577,6.899999999999594,17.22,1.2801999999999998,0.5419444400000002,1500,0.35720000000000024
79.24999999999893,14.900000000000801,5.850000000000264,12.27,1.3544,0.5197297600000002,6,0.5201999999999999
79.24999999999893,14.900000000000801,5.850000000000264,12.27,1.3544,0.5197297600000002,10,0.5120999999999998
79.24999999999893,14.900000000000801,5.850000000000264,12.27,1.3544,0.5197297600000002,33,0.45759999999999995
79.24999999999893,14.900000000000801,5.850000000000264,12.27,1.3544,0.5197297600000002,100,0.4329000000000003
79.24999999999893,14.900000000000801,5.850000000000264,12.27,1.3544,0.5197297600000002,1500,0.3919
80.80000000000065,14.849999999999142,4.3500000000002075,11.41,1.3627999999999998,0.5164785599999999,6,0.5241
80.80000000000065,14.849999999999142,4.3500000000002075,11.41,1.3627999999999998,0.5164785599999999,10,0.5137000000000003
80.80000000000065,14.849999999999142,4.3500000000002075,11.41,1.3627999999999998,0.5164785599999999,33,0.4553999999999999
80.80000000000065,14.849999999999142,4.3500000000002075,11.41,1.3627999999999998,0.5164785599999999,100,0.4341999999999999
80.80000000000065,14.849999999999142,4.3500000000002075,11.41,1.3627999999999998,0.5164785599999999,1500,0.3988000000000002
83.35000000000004,11.749999999999261,4.900000000000702,9.89,1.3000999999999998,0.53248404,6,0.5429999999999999
83.35000000000004,11.749999999999261,4.900000000000702,9.89,1.3000999999999998,0.53248404,10,0.5131999999999998
83.35000000000004,11.749999999999261,4.900000000000702,9.89,1.3000999999999998,0.53248404,33,0.4841000000000001
83.35000000000004,11.749999999999261,4.900000000000702,9.89,1.3000999999999998,0.53248404,100,0.45819999999999983
83.35000000000004,11.749999999999261,4.900000000000702,9.89,1.3000999999999998,0.53248404,1500,0.4205
79.20000000000083,14.549999999998064,6.2500000000011084,16.67,1.2018,0.5685538000000001,6,0.47350000000000025
79.20000000000083,14.549999999998064,6.2500000000011084,16.67,1.2018,0.5685538000000001,10,0.46
79.20000000000083,14.549999999998064,6.2500000000011084,16.67,1.2018,0.5685538000000001,33,0.4032999999999999
79.20000000000083,14.549999999998064,6.2500000000011084,16.67,1.2018,0.5685538000000001,100,0.3791
79.20000000000083,14.549999999998064,6.2500000000011084,16.67,1.2018,0.5685538000000001,1500,0.33170000000000016
79.74999999999955,17.05000000000112,3.199999999999335,12.58,1.3422999999999998,0.5240204200000002,6,0.5001999999999998
79.74999999999955,17.05000000000112,3.199999999999335,12.58,1.3422999999999998,0.5240204200000002,10,0.4901999999999998
79.74999999999955,17.05000000000112,3.199999999999335,12.58,1.3422999999999998,0.5240204200000002,33,0.46019999999999983
79.74999999999955,17.05000000000112,3.199999999999335,12.58,1.3422999999999998,0.5240204200000002,100,0.435
79.74999999999955,17.05000000000112,3.199999999999335,12.58,1.3422999999999998,0.5240204200000002,1500,0.3913
78.50000000000068,16.549999999998732,4.9500000000005855,10.79,1.2506000000000002,0.5550365199999999,6,0.4788
78.50000000000068,16.549999999998732,4.9500000000005855,10.79,1.2506000000000002,0.5550365199999999,10,0.46879999999999994
78.50000000000068,16.549999999998732,4.9500000000005855,10.79,1.2506000000000002,0.5550365199999999,33,0.4225
78.50000000000068,16.549999999998732,4.9500000000005855,10.79,1.2506000000000002,0.5550365199999999,100,0.40019999999999983
78.50000000000068,16.549999999998732,4.9500000000005855,10.79,1.2506000000000002,0.5550365199999999,1500,0.36670000000000014
81.65000000000045,13.89999999999958,4.449999999999974,6.38,1.235,0.5650330000000001,6,0.5127000000000002
81.65000000000045,13.89999999999958,4.449999999999974,6.38,1.235,0.5650330000000001,10,0.5004
81.65000000000045,13.89999999999958,4.449999999999974,6.38,1.235,0.5650330000000001,33,0.46580000000000016
81.65000000000045,13.89999999999958,4.449999999999974,6.38,1.235,0.5650330000000001,100,0.44270000000000015
81.65000000000045,13.89999999999958,4.449999999999974,6.38,1.235,0.5650330000000001,1500,0.41179999999999983
78.84999999999987,16.00000000000179,5.149999999998343,17.84,1.13,0.5997540000000003,6,0.44829999999999975
78.84999999999987,16.00000000000179,5.149999999998343,17.84,1.13,0.5997540000000003,10,0.43340000000000023
78.84999999999987,16.00000000000179,5.149999999998343,17.84,1.13,0.5997540000000003,33,0.3683000000000001
78.84999999999987,16.00000000000179,5.149999999998343,17.84,1.13,0.5997540000000003,100,0.3447
78.84999999999987,16.00000000000179,5.149999999998343,17.84,1.13,0.5997540000000003,1500,0.30870000000000003
80.70000000000088,13.499999999998735,5.800000000000381,13.2,1.3249000000000002,0.5280706200000003,6,0.48239999999999983
80.70000000000088,13.499999999998735,5.800000000000381,13.2,1.3249000000000002,0.5280706200000003,10,0.481
80.70000000000088,13.499999999998735,5.800000000000381,13.2,1.3249000000000002,0.5280706200000003,33,0.43570000000000025
80.70000000000088,13.499999999998735,5.800000000000381,13.2,1.3249000000000002,0.5280706200000003,100,0.4115000000000001
80.70000000000088,13.499999999998735,5.800000000000381,13.2,1.3249000000000002,0.5280706200000003,1500,0.36970000000000003
80.69999999999911,12.90000000000191,6.3999999999989825,11.18,1.3045,0.5363807000000003,6,0.49449999999999994
80.69999999999911,12.90000000000191,6.3999999999989825,11.18,1.3045,0.5363807000000003,10,0.4847999999999997
80.69999999999911,12.90000000000191,6.3999999999989825,11.18,1.3045,0.5363807000000003,33,0.43190000000000006
80.69999999999911,12.90000000000191,6.3999999999989825,11.18,1.3045,0.5363807000000003,100,0.41370000000000007
80.69999999999911,12.90000000000191,6.3999999999989825,11.18,1.3045,0.5363807000000003,1500,0.3726999999999998
81.39999999999925,12.950000000000017,5.65000000000073,9.93,1.3024,0.5368665599999999,6,0.525
81.39999999999925,12.950000000000017,5.65000000000073,9.93,1.3024,0.5368665599999999,10,0.5185000000000002
81.39999999999925,12.950000000000017,5.65000000000073,9.93,1.3024,0.5368665599999999,33,0.4609000000000003
81.39999999999925,12.950000000000017,5.65000000000073,9.93,1.3024,0.5368665599999999,100,0.44240000000000007
81.39999999999925,12.950000000000017,5.65000000000073,9.93,1.3024,0.5368665599999999,1500,0.4036000000000001
79.79999999999943,14.050000000001006,6.149999999999565,16.01,1.0685000000000002,0.6185455000000002,6,0.4332999999999999
79.79999999999943,14.050000000001006,6.149999999999565,16.01,1.0685000000000002,0.6185455000000002,10,0.41769999999999985
79.79999999999943,14.050000000001006,6.149999999999565,16.01,1.0685000000000002,0.6185455000000002,33,0.3502999999999998
79.79999999999943,14.050000000001006,6.149999999999565,16.01,1.0685000000000002,0.6185455000000002,100,0.32929999999999987
79.79999999999943,14.050000000001006,6.149999999999565,16.01,1.0685000000000002,0.6185455000000002,1500,0.29379999999999995
80.80000000000065,14.54999999999984,4.649999999999508,11.57,1.3825,0.5094890000000002,6,0.5051999999999999
80.80000000000065,14.54999999999984,4.649999999999508,11.57,1.3825,0.5094890000000002,10,0.49899999999999983
80.80000000000065,14.54999999999984,4.649999999999508,11.57,1.3825,0.5094890000000002,33,0.46879999999999994
80.80000000000065,14.54999999999984,4.649999999999508,11.57,1.3825,0.5094890000000002,100,0.4453999999999997
80.80000000000065,14.54999999999984,4.649999999999508,11.57,1.3825,0.5094890000000002,1500,0.40269999999999984
83.65000000000111,11.59999999999961,4.749999999999275,9.97,1.2421,0.5538376800000002,6,0.4859999999999999
83.65000000000111,11.59999999999961,4.749999999999275,9.97,1.2421,0.5538376800000002,10,0.47559999999999975
83.65000000000111,11.59999999999961,4.749999999999275,9.97,1.2421,0.5538376800000002,33,0.4171
83.65000000000111,11.59999999999961,4.749999999999275,9.97,1.2421,0.5538376800000002,100,0.39429999999999976
83.65000000000111,11.59999999999961,4.749999999999275,9.97,1.2421,0.5538376800000002,1500,0.3580999999999997
82.79999999999954,14.149999999998997,3.050000000001461,9.38,1.2522,0.5552185600000001,6,0.5196999999999996
82.79999999999954,14.149999999998997,3.050000000001461,9.38,1.2522,0.5552185600000001,10,0.5114999999999997
82.79999999999954,14.149999999998997,3.050000000001461,9.38,1.2522,0.5552185600000001,33,0.4708999999999997
82.79999999999954,14.149999999998997,3.050000000001461,9.38,1.2522,0.5552185600000001,100,0.44800000000000006
82.79999999999954,14.149999999998997,3.050000000001461,9.38,1.2522,0.5552185600000001,1500,0.41529999999999967
82.6,13.999999999999346,3.400000000000645,15.03,1.2026,0.5682666000000001,6,0.47069999999999995
82.6,13.999999999999346,3.400000000000645,15.03,1.2026,0.5682666000000001,10,0.4575
82.6,13.999999999999346,3.400000000000645,15.03,1.2026,0.5682666000000001,33,0.3928000000000003
82.6,13.999999999999346,3.400000000000645,15.03,1.2026,0.5682666000000001,100,0.3638999999999999
82.6,13.999999999999346,3.400000000000645,15.03,1.2026,0.5682666000000001,1500,0.32659999999999995
78.14999999999972,17.20000000000077,4.649999999999508,13.44,1.275,0.5417649999999998,6,0.48179999999999973
78.14999999999972,17.20000000000077,4.649999999999508,13.44,1.275,0.5417649999999998,10,0.4752999999999999
78.14999999999972,17.20000000000077,4.649999999999508,13.44,1.275,0.5417649999999998,33,0.42719999999999997
78.14999999999972,17.20000000000077,4.649999999999508,13.44,1.275,0.5417649999999998,100,0.4010999999999998
78.14999999999972,17.20000000000077,4.649999999999508,13.44,1.275,0.5417649999999998,1500,0.3604999999999998
77.20000000000016,17.150000000000887,5.649999999998954,11.57,1.3336000000000001,0.5260385599999997,6,0.5132000000000003
77.20000000000016,17.150000000000887,5.649999999998954,11.57,1.3336000000000001,0.5260385599999997,10,0.5073
77.20000000000016,17.150000000000887,5.649999999998954,11.57,1.3336000000000001,0.5260385599999997,33,0.4582000000000003
77.20000000000016,17.150000000000887,5.649999999998954,11.57,1.3336000000000001,0.5260385599999997,100,0.4316000000000001
77.20000000000016,17.150000000000887,5.649999999998954,11.57,1.3336000000000001,0.5260385599999997,1500,0.3998
77.70000000000077,16.6499999999985,5.65000000000073,9.19,1.2801999999999998,0.5468091999999998,6,0.5196999999999999
77.70000000000077,16.6499999999985,5.65000000000073,9.19,1.2801999999999998,0.5468091999999998,10,0.5183000000000001
77.70000000000077,16.6499999999985,5.65000000000073,9.19,1.2801999999999998,0.5468091999999998,33,0.4865999999999999
77.70000000000077,16.6499999999985,5.65000000000073,9.19,1.2801999999999998,0.5468091999999998,100,0.4606000000000003
77.70000000000077,16.6499999999985,5.65000000000073,9.19,1.2801999999999998,0.5468091999999998,1500,0.4303
78.84999999999987,17.20000000000077,3.9499999999993634,15.11,1.246,0.555178,6,0.48729999999999996
78.84999999999987,17.20000000000077,3.9499999999993634,15.11,1.246,0.555178,10,0.476
78.84999999999987,17.20000000000077,3.9499999999993634,15.11,1.246,0.555178,33,0.4047
78.84999999999987,17.20000000000077,3.9499999999993634,15.11,1.246,0.555178,100,0.37450000000000017
78.84999999999987,17.20000000000077,3.9499999999993634,15.11,1.246,0.555178,1500,0.3382000000000002
77.20000000000016,16.99999999999946,5.800000000000381,10.63,1.2433,0.5598717999999996,6,0.4930999999999997
77.20000000000016,16.99999999999946,5.800000000000381,10.63,1.2433,0.5598717999999996,10,0.48559999999999975
77.20000000000016,16.99999999999946,5.800000000000381,10.63,1.2433,0.5598717999999996,33,0.4335999999999998
77.20000000000016,16.99999999999946,5.800000000000381,10.63,1.2433,0.5598717999999996,100,0.40619999999999973
77.20000000000016,16.99999999999946,5.800000000000381,10.63,1.2433,0.5598717999999996,1500,0.3759
79.84999999999931,15.95000000000013,4.200000000000557,9.03,1.2488,0.5584243199999999,6,0.5165999999999996
79.84999999999931,15.95000000000013,4.200000000000557,9.03,1.2488,0.5584243199999999,10,0.5092000000000001
79.84999999999931,15.95000000000013,4.200000000000557,9.03,1.2488,0.5584243199999999,33,0.4681999999999999
79.84999999999931,15.95000000000013,4.200000000000557,9.03,1.2488,0.5584243199999999,100,0.4474000000000001
79.84999999999931,15.95000000000013,4.200000000000557,9.03,1.2488,0.5584243199999999,1500,0.4218999999999999
81.2499999999996,15.699999999998937,3.050000000001461,8.25,1.1811,0.5830716999999999,6,0.505
81.2499999999996,15.699999999998937,3.050000000001461,8.25,1.1811,0.5830716999999999,10,0.49920000000000014
81.2499999999996,15.699999999998937,3.050000000001461,8.25,1.1811,0.5830716999999999,33,0.46069999999999994
81.2499999999996,15.699999999998937,3.050000000001461,8.25,1.1811,0.5830716999999999,100,0.4383999999999998
81.2499999999996,15.699999999998937,3.050000000001461,8.25,1.1811,0.5830716999999999,1500,0.41289999999999966
77.54999999999934,14.54999999999984,7.900000000000816,18.07,1.2301,0.5633145000000004,6,0.48009999999999986
77.54999999999934,14.54999999999984,7.900000000000816,18.07,1.2301,0.5633145000000004,10,0.47019999999999973
77.54999999999934,14.54999999999984,7.900000000000816,18.07,1.2301,0.5633145000000004,33,0.40980000000000016
77.54999999999934,14.54999999999984,7.900000000000816,18.07,1.2301,0.5633145000000004,100,0.38029999999999964
77.54999999999934,14.54999999999984,7.900000000000816,18.07,1.2301,0.5633145000000004,1500,0.3432999999999998
78.44999999999902,13.900000000001356,7.649999999999622,11.37,1.1893999999999998,0.5803796799999998,6,0.47890000000000016
78.44999999999902,13.900000000001356,7.649999999999622,11.37,1.1893999999999998,0.5803796799999998,10,0.4678999999999999
78.44999999999902,13.900000000001356,7.649999999999622,11.37,1.1893999999999998,0.5803796799999998,33,0.41039999999999993
78.44999999999902,13.900000000001356,7.649999999999622,11.37,1.1893999999999998,0.5803796799999998,100,0.3857000000000002
78.44999999999902,13.900000000001356,7.649999999999622,11.37,1.1893999999999998,0.5803796799999998,1500,0.35680000000000034
79.69999999999966,16.500000000000625,3.799999999999713,9.85,1.2241,0.56764788,6,0.4948000000000002
79.69999999999966,16.500000000000625,3.799999999999713,9.85,1.2241,0.56764788,10,0.48810000000000003
79.69999999999966,16.500000000000625,3.799999999999713,9.85,1.2241,0.56764788,33,0.4525999999999999
79.69999999999966,16.500000000000625,3.799999999999713,9.85,1.2241,0.56764788,100,0.4304000000000002
79.69999999999966,16.500000000000625,3.799999999999713,9.85,1.2241,0.56764788,1500,0.4045999999999998
79.0499999999994,13.650000000001938,7.299999999998661,8.76,1.2185000000000001,0.5701132000000002,6,0.4995000000000002
79.0499999999994,13.650000000001938,7.299999999998661,8.76,1.2185000000000001,0.5701132000000002,10,0.4977000000000002
79.0499999999994,13.650000000001938,7.299999999998661,8.76,1.2185000000000001,0.5701132000000002,33,0.46359999999999996
79.0499999999994,13.650000000001938,7.299999999998661,8.76,1.2185000000000001,0.5701132000000002,100,0.4440000000000001
79.0499999999994,13.650000000001938,7.299999999998661,8.76,1.2185000000000001,0.5701132000000002,1500,0.41900000000000015
78.14999999999972,18.75000000000071,3.099999999999568,18.07,1.1403,0.5915445399999999,6,0.4649000000000002
78.14999999999972,18.75000000000071,3.099999999999568,18.07,1.1403,0.5915445399999999,10,0.44930000000000014
78.14999999999972,18.75000000000071,3.099999999999568,18.07,1.1403,0.5915445399999999,33,0.3806000000000001
78.14999999999972,18.75000000000071,3.099999999999568,18.07,1.1403,0.5915445399999999,100,0.3522
78.14999999999972,18.75000000000071,3.099999999999568,18.07,1.1403,0.5915445399999999,1500,0.31950000000000023
80.44999999999969,16.49999999999885,3.050000000001461,10.63,1.1782,0.5805607999999998,6,0.45420000000000016
80.44999999999969,16.49999999999885,3.050000000001461,10.63,1.1782,0.5805607999999998,10,0.4431999999999999
80.44999999999969,16.49999999999885,3.050000000001461,10.63,1.1782,0.5805607999999998,33,0.3869999999999999
80.44999999999969,16.49999999999885,3.050000000001461,10.63,1.1782,0.5805607999999998,100,0.36259999999999987
80.44999999999969,16.49999999999885,3.050000000001461,10.63,1.1782,0.5805607999999998,1500,0.33379999999999993
78.99999999999952,11.699999999999378,9.300000000001106,11.8,1.3118,0.5350980800000004,6,0.5031000000000001
78.99999999999952,11.699999999999378,9.300000000001106,11.8,1.3118,0.5350980800000004,10,0.49440000000000006
78.99999999999952,11.699999999999378,9.300000000001106,11.8,1.3118,0.5350980800000004,33,0.43600000000000033
78.99999999999952,11.699999999999378,9.300000000001106,11.8,1.3118,0.5350980800000004,100,0.4083000000000005
78.99999999999952,11.699999999999378,9.300000000001106,11.8,1.3118,0.5350980800000004,1500,0.3776
82.30000000000071,12.399999999999523,5.29999999999977,7.9,1.2758,0.5437739200000004,6,0.5187
82.30000000000071,12.399999999999523,5.29999999999977,7.9,1.2758,0.5437739200000004,10,0.5149
82.30000000000071,12.399999999999523,5.29999999999977,7.9,1.2758,0.5437739200000004,33,0.4776999999999998
82.30000000000071,12.399999999999523,5.29999999999977,7.9,1.2758,0.5437739200000004,100,0.4535000000000002
82.30000000000071,12.399999999999523,5.29999999999977,7.9,1.2758,0.5437739200000004,1500,0.4257999999999998
76.40000000000025,14.800000000001035,8.799999999998718,16.05,1.238,0.5686807999999998,6,0.47799999999999976
76.40000000000025,14.800000000001035,8.799999999998718,16.05,1.238,0.5686807999999998,10,0.46689999999999965
76.40000000000025,14.800000000001035,8.799999999998718,16.05,1.238,0.5686807999999998,33,0.4084
76.40000000000025,14.800000000001035,8.799999999998718,16.05,1.238,0.5686807999999998,100,0.3681999999999996
76.40000000000025,14.800000000001035,8.799999999998718,16.05,1.238,0.5686807999999998,1500,0.3386999999999997
75.79999999999987,17.20000000000077,6.9999999999993605,11.25,1.3548000000000002,0.5277167199999998,6,0.5038000000000004
75.79999999999987,17.20000000000077,6.9999999999993605,11.25,1.3548000000000002,0.5277167199999998,10,0.4917999999999999
75.79999999999987,17.20000000000077,6.9999999999993605,11.25,1.3548000000000002,0.5277167199999998,33,0.45620000000000044
75.79999999999987,17.20000000000077,6.9999999999993605,11.25,1.3548000000000002,0.5277167199999998,100,0.42330000000000023
75.79999999999987,17.20000000000077,6.9999999999993605,11.25,1.3548000000000002,0.5277167199999998,1500,0.39739999999999986
78.65000000000033,14.750000000001151,6.599999999998516,8.92,1.2916999999999996,0.54738832,6,0.5234000000000003
78.65000000000033,14.750000000001151,6.599999999998516,8.92,1.2916999999999996,0.54738832,10,0.5167000000000002
78.65000000000033,14.750000000001151,6.599999999998516,8.92,1.2916999999999996,0.54738832,33,0.4797000000000003
78.65000000000033,14.750000000001151,6.599999999998516,8.92,1.2916999999999996,0.54738832,100,0.4496000000000004
78.65000000000033,14.750000000001151,6.599999999998516,8.92,1.2916999999999996,0.54738832,1500,0.4243000000000001
77.34999999999981,15.050000000000452,7.5999999999997385,6.93,1.2402,0.5624574400000002,6,0.5258999999999997
77.34999999999981,15.050000000000452,7.5999999999997385,6.93,1.2402,0.5624574400000002,10,0.5181999999999999
77.34999999999981,15.050000000000452,7.5999999999997385,6.93,1.2402,0.5624574400000002,33,0.4807999999999998
77.34999999999981,15.050000000000452,7.5999999999997385,6.93,1.2402,0.5624574400000002,100,0.4503999999999996
77.34999999999981,15.050000000000452,7.5999999999997385,6.93,1.2402,0.5624574400000002,1500,0.4234999999999996
77.15000000000028,16.449999999998965,6.400000000000759,15.97,1.2285000000000001,0.5692879,6,0.49449999999999983
77.15000000000028,16.449999999998965,6.400000000000759,15.97,1.2285000000000001,0.5692879,10,0.4819999999999999
77.15000000000028,16.449999999998965,6.400000000000759,15.97,1.2285000000000001,0.5692879,33,0.4262999999999999
77.15000000000028,16.449999999998965,6.400000000000759,15.97,1.2285000000000001,0.5692879,100,0.3881
77.15000000000028,16.449999999998965,6.400000000000759,15.97,1.2285000000000001,0.5692879,1500,0.35199999999999987
79.50000000000013,13.999999999999346,6.500000000000526,10.01,1.3600999999999999,0.5272292400000002,6,0.4996000000000001
79.50000000000013,13.999999999999346,6.500000000000526,10.01,1.3600999999999999,0.5272292400000002,10,0.49189999999999967
79.50000000000013,13.999999999999346,6.500000000000526,10.01,1.3600999999999999,0.5272292400000002,33,0.46840000000000004
79.50000000000013,13.999999999999346,6.500000000000526,10.01,1.3600999999999999,0.5272292400000002,100,0.43119999999999975
79.50000000000013,13.999999999999346,6.500000000000526,10.01,1.3600999999999999,0.5272292400000002,1500,0.4022999999999999
79.99999999999896,14.350000000000307,5.65000000000073,9.97,1.2753,0.5554304199999999,6,0.4947000000000003
79.99999999999896,14.350000000000307,5.65000000000073,9.97,1.2753,0.5554304199999999,10,0.48569999999999997
79.99999999999896,14.350000000000307,5.65000000000073,9.97,1.2753,0.5554304199999999,33,0.4356999999999999
79.99999999999896,14.350000000000307,5.65000000000073,9.97,1.2753,0.5554304199999999,100,0.4018000000000001
79.99999999999896,14.350000000000307,5.65000000000073,9.97,1.2753,0.5554304199999999,1500,0.3748000000000002
77.40000000000147,15.24999999999821,7.350000000000321,8.25,1.2103000000000002,0.5783314799999997,6,0.5357
77.40000000000147,15.24999999999821,7.350000000000321,8.25,1.2103000000000002,0.5783314799999997,10,0.5308999999999998
77.40000000000147,15.24999999999821,7.350000000000321,8.25,1.2103000000000002,0.5783314799999997,33,0.46819999999999995
77.40000000000147,15.24999999999821,7.350000000000321,8.25,1.2103000000000002,0.5783314799999997,100,0.4307999999999999
77.40000000000147,15.24999999999821,7.350000000000321,8.25,1.2103000000000002,0.5783314799999997,1500,0.4037000000000001
76.2500000000006,15.799999999998704,7.950000000000699,14.92,1.1435000000000002,0.5968019,6,0.5331000000000005
76.2500000000006,15.799999999998704,7.950000000000699,14.92,1.1435000000000002,0.5968019,10,0.4877000000000002
76.2500000000006,15.799999999998704,7.950000000000699,14.92,1.1435000000000002,0.5968019,33,0.39400000000000013
76.2500000000006,15.799999999998704,7.950000000000699,14.92,1.1435000000000002,0.5968019,100,0.3550000000000001
76.2500000000006,15.799999999998704,7.950000000000699,14.92,1.1435000000000002,0.5968019,1500,0.32630000000000026
78.4500000000008,14.54999999999984,6.9999999999993605,11.33,1.3172,0.5376627999999998,6,0.5064000000000002
78.4500000000008,14.54999999999984,6.9999999999993605,11.33,1.3172,0.5376627999999998,10,0.49559999999999976
78.4500000000008,14.54999999999984,6.9999999999993605,11.33,1.3172,0.5376627999999998,33,0.44080000000000014
78.4500000000008,14.54999999999984,6.9999999999993605,11.33,1.3172,0.5376627999999998,100,0.4065000000000001
78.4500000000008,14.54999999999984,6.9999999999993605,11.33,1.3172,0.5376627999999998,1500,0.37960000000000005
80.30000000000004,14.350000000000307,5.349999999999653,8.68,1.2718999999999996,0.55432624,6,0.5437
80.30000000000004,14.350000000000307,5.349999999999653,8.68,1.2718999999999996,0.55432624,10,0.5337999999999998
80.30000000000004,14.350000000000307,5.349999999999653,8.68,1.2718999999999996,0.55432624,33,0.4815000000000002
80.30000000000004,14.350000000000307,5.349999999999653,8.68,1.2718999999999996,0.55432624,100,0.4446000000000003
80.30000000000004,14.350000000000307,5.349999999999653,8.68,1.2718999999999996,0.55432624,1500,0.4178000000000002
81.30000000000126,12.29999999999798,6.400000000000759,7.71,1.2470999999999999,0.5642632600000002,6,0.5387000000000001
81.30000000000126,12.29999999999798,6.400000000000759,7.71,1.2470999999999999,0.5642632600000002,10,0.5372000000000002
81.30000000000126,12.29999999999798,6.400000000000759,7.71,1.2470999999999999,0.5642632600000002,33,0.4818
81.30000000000126,12.29999999999798,6.400000000000759,7.71,1.2470999999999999,0.5642632600000002,100,0.4469999999999999
81.30000000000126,12.29999999999798,6.400000000000759,7.71,1.2470999999999999,0.5642632600000002,1500,0.4225999999999999
75.79999999999987,17.450000000000188,6.749999999999943,17.45,1.2544,0.5584512000000001,6,0.5039999999999998
75.79999999999987,17.450000000000188,6.749999999999943,17.45,1.2544,0.5584512000000001,10,0.4908999999999997
75.79999999999987,17.450000000000188,6.749999999999943,17.45,1.2544,0.5584512000000001,33,0.43759999999999993
75.79999999999987,17.450000000000188,6.749999999999943,17.45,1.2544,0.5584512000000001,100,0.3956
75.79999999999987,17.450000000000188,6.749999999999943,17.45,1.2544,0.5584512000000001,1500,0.36540000000000017
79.40000000000036,13.600000000000279,6.9999999999993605,12.66,1.3332,0.53364664,6,0.49119999999999964
79.40000000000036,13.600000000000279,6.9999999999993605,12.66,1.3332,0.53364664,10,0.4828999999999998
79.40000000000036,13.600000000000279,6.9999999999993605,12.66,1.3332,0.53364664,33,0.44419999999999976
79.40000000000036,13.600000000000279,6.9999999999993605,12.66,1.3332,0.53364664,100,0.41080000000000005
79.40000000000036,13.600000000000279,6.9999999999993605,12.66,1.3332,0.53364664,1500,0.3853
76.80000000000109,17.349999999998644,5.850000000000264,10.67,1.3195,0.5363277000000002,6,0.4995999999999998
76.80000000000109,17.349999999998644,5.850000000000264,10.67,1.3195,0.5363277000000002,10,0.4944
76.80000000000109,17.349999999998644,5.850000000000264,10.67,1.3195,0.5363277000000002,33,0.4399000000000001
76.80000000000109,17.349999999998644,5.850000000000264,10.67,1.3195,0.5363277000000002,100,0.4061000000000001
76.80000000000109,17.349999999998644,5.850000000000264,10.67,1.3195,0.5363277000000002,1500,0.3748000000000002
77.9000000000003,16.049999999999898,6.049999999999798,9.89,1.2752,0.5557203200000003,6,0.5
77.9000000000003,16.049999999999898,6.049999999999798,9.89,1.2752,0.5557203200000003,10,0.4906000000000001
77.9000000000003,16.049999999999898,6.049999999999798,9.89,1.2752,0.5557203200000003,33,0.4388
77.9000000000003,16.049999999999898,6.049999999999798,9.89,1.2752,0.5557203200000003,100,0.41100000000000025
77.9000000000003,16.049999999999898,6.049999999999798,9.89,1.2752,0.5557203200000003,1500,0.3793000000000001
77.34999999999981,19.05000000000001,3.600000000000179,16.05,1.2110999999999998,0.56933284,6,0.5189999999999997
77.34999999999981,19.05000000000001,3.600000000000179,16.05,1.2110999999999998,0.56933284,10,0.5100999999999999
77.34999999999981,19.05000000000001,3.600000000000179,16.05,1.2110999999999998,0.56933284,33,0.4248000000000001
77.34999999999981,19.05000000000001,3.600000000000179,16.05,1.2110999999999998,0.56933284,100,0.3867000000000001
77.34999999999981,19.05000000000001,3.600000000000179,16.05,1.2110999999999998,0.56933284,1500,0.3467000000000002
76.59999999999978,16.149999999999665,7.250000000000554,16.63,1.2489999999999999,0.5618508000000002,6,0.4570000000000002
76.59999999999978,16.149999999999665,7.250000000000554,16.63,1.2489999999999999,0.5618508000000002,10,0.45299999999999985
76.59999999999978,16.149999999999665,7.250000000000554,16.63,1.2489999999999999,0.5618508000000002,33,0.4451000000000002
76.59999999999978,16.149999999999665,7.250000000000554,16.63,1.2489999999999999,0.5618508000000002,100,0.41270000000000007
76.59999999999978,16.149999999999665,7.250000000000554,16.63,1.2489999999999999,0.5618508000000002,1500,0.3797
79.24999999999893,16.350000000000975,4.400000000000091,11.41,1.3366999999999998,0.5308183000000004,6,0.48300000000000004
79.24999999999893,16.350000000000975,4.400000000000091,11.41,1.3366999999999998,0.5308183000000004,10,0.4685000000000002
79.24999999999893,16.350000000000975,4.400000000000091,11.41,1.3366999999999998,0.5308183000000004,33,0.45499999999999996
79.24999999999893,16.350000000000975,4.400000000000091,11.41,1.3366999999999998,0.5308183000000004,100,0.4241000000000002
79.24999999999893,16.350000000000975,4.400000000000091,11.41,1.3366999999999998,0.5308183000000004,1500,0.39199999999999985
82.40000000000047,15.399999999999636,2.199999999999889,12.07,1.3300999999999998,0.5339329599999999,6,0.5028999999999998
82.40000000000047,15.399999999999636,2.199999999999889,12.07,1.3300999999999998,0.5339329599999999,10,0.49709999999999993
82.40000000000047,15.399999999999636,2.199999999999889,12.07,1.3300999999999998,0.5339329599999999,33,0.45580000000000004
82.40000000000047,15.399999999999636,2.199999999999889,12.07,1.3300999999999998,0.5339329599999999,100,0.42390000000000005
82.40000000000047,15.399999999999636,2.199999999999889,12.07,1.3300999999999998,0.5339329599999999,1500,0.38569999999999954
80.24999999999838,14.550000000001617,5.200000000000003,15.38,1.2329999999999999,0.5645044,6,0.5243999999999996
80.24999999999838,14.550000000001617,5.200000000000003,15.38,1.2329999999999999,0.5645044,10,0.5150999999999996
80.24999999999838,14.550000000001617,5.200000000000003,15.38,1.2329999999999999,0.5645044,33,0.4325999999999996
80.24999999999838,14.550000000001617,5.200000000000003,15.38,1.2329999999999999,0.5645044,100,0.3972999999999999
80.24999999999838,14.550000000001617,5.200000000000003,15.38,1.2329999999999999,0.5645044,1500,0.36219999999999997
81.00000000000018,14.150000000000773,4.849999999999042,14.29,1.271,0.5554041999999999,6,0.5519
81.00000000000018,14.150000000000773,4.849999999999042,14.29,1.271,0.5554041999999999,10,0.5457
81.00000000000018,14.150000000000773,4.849999999999042,14.29,1.271,0.5554041999999999,33,0.4273000000000002
81.00000000000018,14.150000000000773,4.849999999999042,14.29,1.271,0.5554041999999999,100,0.39519999999999983
81.00000000000018,14.150000000000773,4.849999999999042,14.29,1.271,0.5554041999999999,1500,0.36060000000000003
80.00000000000074,14.749999999999375,5.249999999999886,11.49,1.2868000000000002,0.5521935999999998,6,0.5074999999999997
80.00000000000074,14.749999999999375,5.249999999999886,11.49,1.2868000000000002,0.5521935999999998,10,0.49929999999999986
80.00000000000074,14.749999999999375,5.249999999999886,11.49,1.2868000000000002,0.5521935999999998,33,0.4364000000000002
80.00000000000074,14.749999999999375,5.249999999999886,11.49,1.2868000000000002,0.5521935999999998,100,0.40479999999999994
80.00000000000074,14.749999999999375,5.249999999999886,11.49,1.2868000000000002,0.5521935999999998,1500,0.37270000000000014
77.50000000000124,16.399999999999082,6.099999999999682,9.15,1.2376,0.5717903999999998,6,0.5252000000000001
77.50000000000124,16.399999999999082,6.099999999999682,9.15,1.2376,0.5717903999999998,10,0.5187999999999997
77.50000000000124,16.399999999999082,6.099999999999682,9.15,1.2376,0.5717903999999998,33,0.46099999999999997
77.50000000000124,16.399999999999082,6.099999999999682,9.15,1.2376,0.5717903999999998,100,0.43349999999999994
77.50000000000124,16.399999999999082,6.099999999999682,9.15,1.2376,0.5717903999999998,1500,0.40109999999999985
79.69999999999966,14.499999999999957,5.800000000000381,17.8,1.1752,0.58186384,6,0.51
79.69999999999966,14.499999999999957,5.800000000000381,17.8,1.1752,0.58186384,10,0.49139999999999984
79.69999999999966,14.499999999999957,5.800000000000381,17.8,1.1752,0.58186384,33,0.4142000000000002
79.69999999999966,14.499999999999957,5.800000000000381,17.8,1.1752,0.58186384,100,0.3802999999999998
79.69999999999966,14.499999999999957,5.800000000000381,17.8,1.1752,0.58186384,1500,0.34539999999999993
80.1999999999985,13.350000000002638,6.449999999998866,13.4,1.2739000000000003,0.5541349999999999,6,0.48280000000000006
80.1999999999985,13.350000000002638,6.449999999998866,13.4,1.2739000000000003,0.5541349999999999,10,0.4714000000000002
80.1999999999985,13.350000000002638,6.449999999998866,13.4,1.2739000000000003,0.5541349999999999,33,0.4237999999999997
80.1999999999985,13.350000000002638,6.449999999998866,13.4,1.2739000000000003,0.5541349999999999,100,0.3922
80.1999999999985,13.350000000002638,6.449999999998866,13.4,1.2739000000000003,0.5541349999999999,1500,0.3591
82.64999999999989,12.85000000000025,4.499999999999858,11.64,1.3142000000000003,0.5418698799999998,6,0.4838
82.64999999999989,12.85000000000025,4.499999999999858,11.64,1.3142000000000003,0.5418698799999998,10,0.47370000000000007
82.64999999999989,12.85000000000025,4.499999999999858,11.64,1.3142000000000003,0.5418698799999998,33,0.43370000000000003
82.64999999999989,12.85000000000025,4.499999999999858,11.64,1.3142000000000003,0.5418698799999998,100,0.4013
82.64999999999989,12.85000000000025,4.499999999999858,11.64,1.3142000000000003,0.5418698799999998,1500,0.3705000000000001
81.2499999999996,13.799999999999812,4.9500000000005855,7.79,1.1855,0.5853120999999999,6,0.5035999999999999
81.2499999999996,13.799999999999812,4.9500000000005855,7.79,1.1855,0.5853120999999999,10,0.49990000000000046
81.2499999999996,13.799999999999812,4.9500000000005855,7.79,1.1855,0.5853120999999999,33,0.43440000000000034
81.2499999999996,13.799999999999812,4.9500000000005855,7.79,1.1855,0.5853120999999999,100,0.4034000000000001
81.2499999999996,13.799999999999812,4.9500000000005855,7.79,1.1855,0.5853120999999999,1500,0.3730000000000005
78.39999999999914,15.85000000000214,5.749999999998721,14.45,1.168,0.588864,6,0.5122
78.39999999999914,15.85000000000214,5.749999999998721,14.45,1.168,0.588864,10,0.47909999999999997
78.39999999999914,15.85000000000214,5.749999999998721,14.45,1.168,0.588864,33,0.3780999999999997
78.39999999999914,15.85000000000214,5.749999999998721,14.45,1.168,0.588864,100,0.34789999999999993
78.39999999999914,15.85000000000214,5.749999999998721,14.45,1.168,0.588864,1500,0.3116
81.45000000000091,15.249999999999986,3.299999999999102,13.12,1.2838999999999998,0.5511485599999998,6,0.48090000000000005
81.45000000000091,15.249999999999986,3.299999999999102,13.12,1.2838999999999998,0.5511485599999998,10,0.47840000000000005
81.45000000000091,15.249999999999986,3.299999999999102,13.12,1.2838999999999998,0.5511485599999998,33,0.42630000000000023
81.45000000000091,15.249999999999986,3.299999999999102,13.12,1.2838999999999998,0.5511485599999998,100,0.39330000000000015
81.45000000000091,15.249999999999986,3.299999999999102,13.12,1.2838999999999998,0.5511485599999998,1500,0.3604999999999998
81.19999999999972,14.950000000000685,3.8499999999995964,9.27,1.3373000000000002,0.5335497600000001,6,0.43049999999999977
81.19999999999972,14.950000000000685,3.8499999999995964,9.27,1.3373000000000002,0.5335497600000001,10,0.4215999999999999
81.19999999999972,14.950000000000685,3.8499999999995964,9.27,1.3373000000000002,0.5335497600000001,33,0.36189999999999967
81.19999999999972,14.950000000000685,3.8499999999995964,9.27,1.3373000000000002,0.5335497600000001,100,0.3303999999999999
81.19999999999972,14.950000000000685,3.8499999999995964,9.27,1.3373000000000002,0.5335497600000001,1500,0.30169999999999986
80.50000000000135,14.849999999999142,4.649999999999508,8.72,1.215,0.5783949999999998,6,0.5065999999999999
80.50000000000135,14.849999999999142,4.649999999999508,8.72,1.215,0.5783949999999998,10,0.4979
80.50000000000135,14.849999999999142,4.649999999999508,8.72,1.215,0.5783949999999998,33,0.4636999999999998
80.50000000000135,14.849999999999142,4.649999999999508,8.72,1.215,0.5783949999999998,100,0.43380000000000024
80.50000000000135,14.849999999999142,4.649999999999508,8.72,1.215,0.5783949999999998,1500,0.4053999999999999
81.34999999999937,16.050000000001674,2.599999999998957,17.33,1.2392,0.5633059199999999,6,0.49309999999999976
81.34999999999937,16.050000000001674,2.599999999998957,17.33,1.2392,0.5633059199999999,10,0.4843999999999997
81.34999999999937,16.050000000001674,2.599999999998957,17.33,1.2392,0.5633059199999999,33,0.4205999999999998
81.34999999999937,16.050000000001674,2.599999999998957,17.33,1.2392,0.5633059199999999,100,0.39119999999999977
81.34999999999937,16.050000000001674,2.599999999998957,17.33,1.2392,0.5633059199999999,1500,0.3587999999999997
80.69999999999911,13.799999999999812,5.50000000000108,13.94,1.2813999999999999,0.5540728000000004,6,0.49610000000000004
80.69999999999911,13.799999999999812,5.50000000000108,13.94,1.2813999999999999,0.5540728000000004,10,0.48879999999999985
80.69999999999911,13.799999999999812,5.50000000000108,13.94,1.2813999999999999,0.5540728000000004,33,0.43629999999999985
80.69999999999911,13.799999999999812,5.50000000000108,13.94,1.2813999999999999,0.5540728000000004,100,0.4082999999999997
80.69999999999911,13.799999999999812,5.50000000000108,13.94,1.2813999999999999,0.5540728000000004,1500,0.3775999999999998
83.39999999999992,12.9999999999999,3.600000000000179,11.25,1.2329,0.5694713199999999,6,0.48650000000000004
83.39999999999992,12.9999999999999,3.600000000000179,11.25,1.2329,0.5694713199999999,10,0.4797
83.39999999999992,12.9999999999999,3.600000000000179,11.25,1.2329,0.5694713199999999,33,0.4077000000000001
83.39999999999992,12.9999999999999,3.600000000000179,11.25,1.2329,0.5694713199999999,100,0.38080000000000014
83.39999999999992,12.9999999999999,3.600000000000179,11.25,1.2329,0.5694713199999999,1500,0.3548999999999998
82.3999999999987,14.900000000000801,2.7000000000005002,7.05,1.1993000000000003,0.5812044399999998,6,0.5130999999999998
82.3999999999987,14.900000000000801,2.7000000000005002,7.05,1.1993000000000003,0.5812044399999998,10,0.5037999999999997
82.3999999999987,14.900000000000801,2.7000000000005002,7.05,1.1993000000000003,0.5812044399999998,33,0.4556999999999997
82.3999999999987,14.900000000000801,2.7000000000005002,7.05,1.1993000000000003,0.5812044399999998,100,0.4267999999999998
82.3999999999987,14.900000000000801,2.7000000000005002,7.05,1.1993000000000003,0.5812044399999998,1500,0.4010999999999999
79.69999999999966,15.499999999999403,4.800000000000935,19.12,1.0868,0.6135339200000003,6,0.49799999999999983
79.69999999999966,15.499999999999403,4.800000000000935,19.12,1.0868,0.6135339200000003,10,0.4820000000000002
79.69999999999966,15.499999999999403,4.800000000000935,19.12,1.0868,0.6135339200000003,33,0.3600999999999999
79.69999999999966,15.499999999999403,4.800000000000935,19.12,1.0868,0.6135339200000003,100,0.3301999999999998
79.69999999999966,15.499999999999403,4.800000000000935,19.12,1.0868,0.6135339200000003,1500,0.30109999999999987
82.44999999999858,14.25000000000054,3.3000000000008782,12.03,1.3001000000000003,0.54652512,6,0.5
82.44999999999858,14.25000000000054,3.3000000000008782,12.03,1.3001000000000003,0.54652512,10,0.4899000000000001
82.44999999999858,14.25000000000054,3.3000000000008782,12.03,1.3001000000000003,0.54652512,33,0.4361000000000001
82.44999999999858,14.25000000000054,3.3000000000008782,12.03,1.3001000000000003,0.54652512,100,0.4105000000000001
82.44999999999858,14.25000000000054,3.3000000000008782,12.03,1.3001000000000003,0.54652512,1500,0.3725
78.65000000000033,15.249999999999986,6.099999999999682,11.33,1.2695,0.5579601000000001,6,0.5058000000000002
78.65000000000033,15.249999999999986,6.099999999999682,11.33,1.2695,0.5579601000000001,10,0.49859999999999993
78.65000000000033,15.249999999999986,6.099999999999682,11.33,1.2695,0.5579601000000001,33,0.43640000000000023
78.65000000000033,15.249999999999986,6.099999999999682,11.33,1.2695,0.5579601000000001,100,0.4073999999999998
78.65000000000033,15.249999999999986,6.099999999999682,11.33,1.2695,0.5579601000000001,1500,0.3778000000000001
76.94999999999897,16.00000000000179,7.049999999999244,8.45,1.2068999999999999,0.5816884599999999,6,0.5185999999999998
76.94999999999897,16.00000000000179,7.049999999999244,8.45,1.2068999999999999,0.5816884599999999,10,0.5082000000000001
76.94999999999897,16.00000000000179,7.049999999999244,8.45,1.2068999999999999,0.5816884599999999,33,0.45669999999999983
76.94999999999897,16.00000000000179,7.049999999999244,8.45,1.2068999999999999,0.5816884599999999,100,0.42760000000000015
76.94999999999897,16.00000000000179,7.049999999999244,8.45,1.2068999999999999,0.5816884599999999,1500,0.4013000000000002
